Apache Maven 3.9.9 (8e8579a9e76f7d015ee5ec7bfcdc97d260186937)
Maven home: C:\Users\ADMIN\AppData\Roaming\Code\User\globalStorage\pleiades.java-extension-pack-jdk\maven\latest
Java version: 21.0.6, vendor: Oracle Corporation, runtime: C:\Program Files\Java\jdk-21
Default locale: en_US, platform encoding: UTF-8
OS name: "windows 11", version: "10.0", arch: "amd64", family: "windows"
[DEBUG] Created new class realm maven.api
[DEBUG] Importing foreign packages into class realm maven.api
[DEBUG]   Imported: javax.annotation.* < plexus.core
[DEBUG]   Imported: javax.annotation.security.* < plexus.core
[DEBUG]   Imported: javax.inject.* < plexus.core
[DEBUG]   Imported: org.apache.maven.* < plexus.core
[DEBUG]   Imported: org.apache.maven.artifact < plexus.core
[DEBUG]   Imported: org.apache.maven.classrealm < plexus.core
[DEBUG]   Imported: org.apache.maven.cli < plexus.core
[DEBUG]   Imported: org.apache.maven.configuration < plexus.core
[DEBUG]   Imported: org.apache.maven.exception < plexus.core
[DEBUG]   Imported: org.apache.maven.execution < plexus.core
[DEBUG]   Imported: org.apache.maven.execution.scope < plexus.core
[DEBUG]   Imported: org.apache.maven.graph < plexus.core
[DEBUG]   Imported: org.apache.maven.lifecycle < plexus.core
[DEBUG]   Imported: org.apache.maven.model < plexus.core
[DEBUG]   Imported: org.apache.maven.monitor < plexus.core
[DEBUG]   Imported: org.apache.maven.plugin < plexus.core
[DEBUG]   Imported: org.apache.maven.profiles < plexus.core
[DEBUG]   Imported: org.apache.maven.project < plexus.core
[DEBUG]   Imported: org.apache.maven.reporting < plexus.core
[DEBUG]   Imported: org.apache.maven.repository < plexus.core
[DEBUG]   Imported: org.apache.maven.rtinfo < plexus.core
[DEBUG]   Imported: org.apache.maven.settings < plexus.core
[DEBUG]   Imported: org.apache.maven.toolchain < plexus.core
[DEBUG]   Imported: org.apache.maven.usability < plexus.core
[DEBUG]   Imported: org.apache.maven.wagon.* < plexus.core
[DEBUG]   Imported: org.apache.maven.wagon.authentication < plexus.core
[DEBUG]   Imported: org.apache.maven.wagon.authorization < plexus.core
[DEBUG]   Imported: org.apache.maven.wagon.events < plexus.core
[DEBUG]   Imported: org.apache.maven.wagon.observers < plexus.core
[DEBUG]   Imported: org.apache.maven.wagon.proxy < plexus.core
[DEBUG]   Imported: org.apache.maven.wagon.repository < plexus.core
[DEBUG]   Imported: org.apache.maven.wagon.resource < plexus.core
[DEBUG]   Imported: org.codehaus.classworlds < plexus.core
[DEBUG]   Imported: org.codehaus.plexus.* < plexus.core
[DEBUG]   Imported: org.codehaus.plexus.classworlds < plexus.core
[DEBUG]   Imported: org.codehaus.plexus.component < plexus.core
[DEBUG]   Imported: org.codehaus.plexus.configuration < plexus.core
[DEBUG]   Imported: org.codehaus.plexus.container < plexus.core
[DEBUG]   Imported: org.codehaus.plexus.context < plexus.core
[DEBUG]   Imported: org.codehaus.plexus.lifecycle < plexus.core
[DEBUG]   Imported: org.codehaus.plexus.logging < plexus.core
[DEBUG]   Imported: org.codehaus.plexus.personality < plexus.core
[DEBUG]   Imported: org.codehaus.plexus.util.xml.Xpp3Dom < plexus.core
[DEBUG]   Imported: org.codehaus.plexus.util.xml.pull.XmlPullParser < plexus.core
[DEBUG]   Imported: org.codehaus.plexus.util.xml.pull.XmlPullParserException < plexus.core
[DEBUG]   Imported: org.codehaus.plexus.util.xml.pull.XmlSerializer < plexus.core
[DEBUG]   Imported: org.eclipse.aether.* < plexus.core
[DEBUG]   Imported: org.eclipse.aether.artifact < plexus.core
[DEBUG]   Imported: org.eclipse.aether.collection < plexus.core
[DEBUG]   Imported: org.eclipse.aether.deployment < plexus.core
[DEBUG]   Imported: org.eclipse.aether.graph < plexus.core
[DEBUG]   Imported: org.eclipse.aether.impl < plexus.core
[DEBUG]   Imported: org.eclipse.aether.installation < plexus.core
[DEBUG]   Imported: org.eclipse.aether.internal.impl < plexus.core
[DEBUG]   Imported: org.eclipse.aether.metadata < plexus.core
[DEBUG]   Imported: org.eclipse.aether.repository < plexus.core
[DEBUG]   Imported: org.eclipse.aether.resolution < plexus.core
[DEBUG]   Imported: org.eclipse.aether.spi < plexus.core
[DEBUG]   Imported: org.eclipse.aether.transfer < plexus.core
[DEBUG]   Imported: org.eclipse.aether.util < plexus.core
[DEBUG]   Imported: org.eclipse.aether.version < plexus.core
[DEBUG]   Imported: org.fusesource.jansi.* < plexus.core
[DEBUG]   Imported: org.slf4j.* < plexus.core
[DEBUG]   Imported: org.slf4j.event.* < plexus.core
[DEBUG]   Imported: org.slf4j.helpers.* < plexus.core
[DEBUG]   Imported: org.slf4j.spi.* < plexus.core
[DEBUG] Populating class realm maven.api
[DEBUG] Created adapter factory; available factories [file-lock, rwlock-local, semaphore-local, noop]; available name mappers [discriminating, file-gav, file-hgav, file-static, gav, static]
[INFO] Error stacktraces are turned on.
[DEBUG] Message scheme: color
[DEBUG] Message styles: debug info warning error success failure strong mojo project
[DEBUG] Reading global settings from C:\Users\ADMIN\AppData\Roaming\Code\User\globalStorage\pleiades.java-extension-pack-jdk\maven\latest\conf\settings.xml
[DEBUG] Reading user settings from C:\Users\ADMIN\.m2\settings.xml
[DEBUG] Reading global toolchains from C:\Users\ADMIN\AppData\Roaming\Code\User\globalStorage\pleiades.java-extension-pack-jdk\maven\latest\conf\toolchains.xml
[DEBUG] Reading user toolchains from C:\Users\ADMIN\.m2\toolchains.xml
[DEBUG] Using local repository at C:\Users\ADMIN\.m2\repository
[DEBUG] Using manager EnhancedLocalRepositoryManager with priority 10.0 for C:\Users\ADMIN\.m2\repository
[INFO] Scanning for projects...
[DEBUG] Extension realms for project org.example:LibraryManagement:jar:1.0-SNAPSHOT: (none)
[DEBUG] Looking up lifecycle mappings for packaging jar from ClassRealm[plexus.core, parent: null]
[DEBUG] Resolving plugin prefix javafx from [org.apache.maven.plugins, org.codehaus.mojo]
[DEBUG] Creating adapter using nameMapper 'gav' and factory 'rwlock-local'
[DEBUG] Resolved plugin prefix javafx to org.openjfx:javafx-maven-plugin from POM org.example:LibraryManagement:jar:1.0-SNAPSHOT
[DEBUG] === REACTOR BUILD PLAN ================================================
[DEBUG] Project: org.example:LibraryManagement:jar:1.0-SNAPSHOT
[DEBUG] Tasks:   [clean, javafx:run]
[DEBUG] Style:   Regular
[DEBUG] =======================================================================
[INFO] 
[INFO] -------------------< org.example:LibraryManagement >--------------------
[INFO] Building LibraryManagement 1.0-SNAPSHOT
[INFO]   from pom.xml
[INFO] --------------------------------[ jar ]---------------------------------
[DEBUG] Lifecycle clean -> [pre-clean, clean, post-clean]
[DEBUG] Lifecycle default -> [validate, initialize, generate-sources, process-sources, generate-resources, process-resources, compile, process-classes, generate-test-sources, process-test-sources, generate-test-resources, process-test-resources, test-compile, process-test-classes, test, prepare-package, package, pre-integration-test, integration-test, post-integration-test, verify, install, deploy]
[DEBUG] Lifecycle site -> [pre-site, site, post-site, site-deploy]
[DEBUG] Resolving plugin prefix javafx from [org.apache.maven.plugins, org.codehaus.mojo]
[DEBUG] Resolved plugin prefix javafx to org.openjfx:javafx-maven-plugin from POM org.example:LibraryManagement:jar:1.0-SNAPSHOT
[DEBUG] Lifecycle clean -> [pre-clean, clean, post-clean]
[DEBUG] Lifecycle default -> [validate, initialize, generate-sources, process-sources, generate-resources, process-resources, compile, process-classes, generate-test-sources, process-test-sources, generate-test-resources, process-test-resources, test-compile, process-test-classes, test, prepare-package, package, pre-integration-test, integration-test, post-integration-test, verify, install, deploy]
[DEBUG] Lifecycle site -> [pre-site, site, post-site, site-deploy]
[DEBUG] Lifecycle clean -> [pre-clean, clean, post-clean]
[DEBUG] Lifecycle default -> [validate, initialize, generate-sources, process-sources, generate-resources, process-resources, compile, process-classes, generate-test-sources, process-test-sources, generate-test-resources, process-test-resources, test-compile, process-test-classes, test, prepare-package, package, pre-integration-test, integration-test, post-integration-test, verify, install, deploy]
[DEBUG] Lifecycle site -> [pre-site, site, post-site, site-deploy]
[DEBUG] Lifecycle clean -> [pre-clean, clean, post-clean]
[DEBUG] Lifecycle default -> [validate, initialize, generate-sources, process-sources, generate-resources, process-resources, compile, process-classes, generate-test-sources, process-test-sources, generate-test-resources, process-test-resources, test-compile, process-test-classes, test, prepare-package, package, pre-integration-test, integration-test, post-integration-test, verify, install, deploy]
[DEBUG] Lifecycle site -> [pre-site, site, post-site, site-deploy]
[DEBUG] === PROJECT BUILD PLAN ================================================
[DEBUG] Project:       org.example:LibraryManagement:1.0-SNAPSHOT
[DEBUG] Dependencies (collect): []
[DEBUG] Dependencies (resolve): [runtime]
[DEBUG] Repositories (dependencies): [google-api-services (https://maven-central.storage.googleapis.com, default, releases+snapshots), central (https://repo.maven.apache.org/maven2, default, releases)]
[DEBUG] Repositories (plugins)     : [central (https://repo.maven.apache.org/maven2, default, releases)]
[DEBUG] -----------------------------------------------------------------------
[DEBUG] Goal:          org.apache.maven.plugins:maven-clean-plugin:3.2.0:clean (default-clean)
[DEBUG] Style:         Regular
[DEBUG] Configuration: <?xml version="1.0" encoding="UTF-8"?>
<configuration>
  <directory default-value="${project.build.directory}"/>
  <excludeDefaultDirectories default-value="false">${maven.clean.excludeDefaultDirectories}</excludeDefaultDirectories>
  <failOnError default-value="true">${maven.clean.failOnError}</failOnError>
  <fast default-value="false">${maven.clean.fast}</fast>
  <fastDir>${maven.clean.fastDir}</fastDir>
  <fastMode default-value="background">${maven.clean.fastMode}</fastMode>
  <followSymLinks default-value="false">${maven.clean.followSymLinks}</followSymLinks>
  <outputDirectory default-value="${project.build.outputDirectory}"/>
  <reportDirectory default-value="${project.build.outputDirectory}"/>
  <retryOnError default-value="true">${maven.clean.retryOnError}</retryOnError>
  <session default-value="${session}"/>
  <skip default-value="false">${maven.clean.skip}</skip>
  <testOutputDirectory default-value="${project.build.testOutputDirectory}"/>
  <verbose>${maven.clean.verbose}</verbose>
</configuration>
[DEBUG] --- init fork of org.example:LibraryManagement:1.0-SNAPSHOT for org.openjfx:javafx-maven-plugin:0.0.8:run (default-cli) ---
[DEBUG] Dependencies (collect): []
[DEBUG] Dependencies (resolve): [compile]
[DEBUG] -----------------------------------------------------------------------
[DEBUG] Goal:          org.apache.maven.plugins:maven-resources-plugin:3.3.1:resources (default-resources)
[DEBUG] Style:         Regular
[DEBUG] Configuration: <?xml version="1.0" encoding="UTF-8"?>
<configuration>
  <addDefaultExcludes default-value="true"/>
  <buildFilters default-value="${project.build.filters}"/>
  <encoding default-value="${project.build.sourceEncoding}"/>
  <escapeWindowsPaths default-value="true"/>
  <fileNameFiltering default-value="false"/>
  <includeEmptyDirs default-value="false"/>
  <outputDirectory default-value="${project.build.outputDirectory}"/>
  <overwrite default-value="false"/>
  <project default-value="${project}"/>
  <resources default-value="${project.resources}"/>
  <session default-value="${session}"/>
  <skip default-value="false">${maven.resources.skip}</skip>
  <supportMultiLineFiltering default-value="false"/>
  <useBuildFilters default-value="true"/>
  <useDefaultDelimiters default-value="true"/>
</configuration>
[DEBUG] -----------------------------------------------------------------------
[DEBUG] Goal:          org.apache.maven.plugins:maven-compiler-plugin:3.11.0:compile (default-compile)
[DEBUG] Style:         Regular
[DEBUG] Configuration: <?xml version="1.0" encoding="UTF-8"?>
<configuration>
  <basedir default-value="${basedir}"/>
  <buildDirectory default-value="${project.build.directory}"/>
  <compilePath default-value="${project.compileClasspathElements}"/>
  <compileSourceRoots default-value="${project.compileSourceRoots}"/>
  <compilerId default-value="javac">${maven.compiler.compilerId}</compilerId>
  <compilerReuseStrategy default-value="${reuseCreated}">${maven.compiler.compilerReuseStrategy}</compilerReuseStrategy>
  <compilerVersion>${maven.compiler.compilerVersion}</compilerVersion>
  <createMissingPackageInfoClass default-value="true">${maven.compiler.createMissingPackageInfoClass}</createMissingPackageInfoClass>
  <debug default-value="true">${maven.compiler.debug}</debug>
  <debugFileName default-value="javac"/>
  <debuglevel>${maven.compiler.debuglevel}</debuglevel>
  <enablePreview default-value="false">${maven.compiler.enablePreview}</enablePreview>
  <encoding default-value="${project.build.sourceEncoding}">${encoding}</encoding>
  <executable>${maven.compiler.executable}</executable>
  <failOnError default-value="true">${maven.compiler.failOnError}</failOnError>
  <failOnWarning default-value="false">${maven.compiler.failOnWarning}</failOnWarning>
  <forceJavacCompilerUse default-value="false">${maven.compiler.forceJavacCompilerUse}</forceJavacCompilerUse>
  <fork default-value="false">${maven.compiler.fork}</fork>
  <generatedSourcesDirectory default-value="${project.build.directory}/generated-sources/annotations"/>
  <implicit>${maven.compiler.implicit}</implicit>
  <maxmem>${maven.compiler.maxmem}</maxmem>
  <meminitial>${maven.compiler.meminitial}</meminitial>
  <mojoExecution default-value="${mojoExecution}"/>
  <optimize default-value="false">${maven.compiler.optimize}</optimize>
  <outputDirectory default-value="${project.build.outputDirectory}"/>
  <parameters default-value="false">${maven.compiler.parameters}</parameters>
  <project default-value="${project}"/>
  <projectArtifact default-value="${project.artifact}"/>
  <release>${maven.compiler.release}</release>
  <session default-value="${session}"/>
  <showCompilationChanges default-value="false">${maven.compiler.showCompilationChanges}</showCompilationChanges>
  <showDeprecation default-value="false">${maven.compiler.showDeprecation}</showDeprecation>
  <showWarnings default-value="true">${maven.compiler.showWarnings}</showWarnings>
  <skipMain>${maven.main.skip}</skipMain>
  <skipMultiThreadWarning default-value="false">${maven.compiler.skipMultiThreadWarning}</skipMultiThreadWarning>
  <source default-value="1.8">21</source>
  <staleMillis default-value="0">${lastModGranularityMs}</staleMillis>
  <target default-value="1.8">21</target>
  <useIncrementalCompilation default-value="true">${maven.compiler.useIncrementalCompilation}</useIncrementalCompilation>
  <verbose default-value="false">${maven.compiler.verbose}</verbose>
</configuration>
[DEBUG] --- exit fork of org.example:LibraryManagement:1.0-SNAPSHOT for org.openjfx:javafx-maven-plugin:0.0.8:run (default-cli) ---
[DEBUG] -----------------------------------------------------------------------
[DEBUG] Goal:          org.openjfx:javafx-maven-plugin:0.0.8:run (default-cli)
[DEBUG] Style:         Regular
[DEBUG] Configuration: <?xml version="1.0" encoding="UTF-8"?>
<configuration>
  <async default-value="false">${javafx.async}</async>
  <asyncDestroyOnShutdown default-value="true">${javafx.asyncDestroyOnShutdown}</asyncDestroyOnShutdown>
  <basedir default-value="${basedir}"/>
  <builddir default-value="${project.build.directory}"/>
  <commandlineArgs>${javafx.args}</commandlineArgs>
  <compilePath default-value="${project.compileClasspathElements}"/>
  <executable default-value="java">${javafx.executable}</executable>
  <includePathExceptionsInClasspath default-value="false">${javafx.includePathExceptionsInClasspath}</includePathExceptionsInClasspath>
  <mainClass>org.example.Main</mainClass>
  <outputFile>${javafx.outputFile}</outputFile>
  <project default-value="${project}"/>
  <runtimePathOption>${javafx.runtimePathOption}</runtimePathOption>
  <session default-value="${session}"/>
  <skip default-value="false">${javafx.skip}</skip>
  <workingDirectory>${javafx.workingDirectory}</workingDirectory>
</configuration>
[DEBUG] =======================================================================
[WARNING] 6 problems were encountered while building the effective model for org.openjfx:javafx-controls:jar:21 during dependency collection step for project. Path to offending node from root:
 -> org.example:LibraryManagement:jar:1.0-SNAPSHOT
 => org.openjfx:javafx-controls:jar:21 (compile)
Problems
* 'profiles.profile.id' Duplicate activation for profile linux-x86_64 @ org.openjfx:javafx:21
* 'profiles.profile.id' Duplicate activation for profile linux-aarch64 @ org.openjfx:javafx:21
* 'profiles.profile.id' Duplicate activation for profile macosx-x86_64 @ org.openjfx:javafx:21
* 'profiles.profile.id' Duplicate activation for profile macosx-aarch64 @ org.openjfx:javafx:21
* 'profiles.profile.id' Duplicate activation for profile windows-x86_64 @ org.openjfx:javafx:21
* 'profiles.profile.id' Duplicate activation for profile windows-x86 @ org.openjfx:javafx:21
[DEBUG] Using mirror maven-default-http-blocker (http://0.0.0.0/) for apache.snapshots (http://repository.apache.org/snapshots).
[DEBUG] Dependency collection stats {ConflictMarker.analyzeTime=1121500, ConflictMarker.markTime=213000, ConflictMarker.nodeCount=131, ConflictIdSorter.graphTime=1725100, ConflictIdSorter.topsortTime=926300, ConflictIdSorter.conflictIdCount=47, ConflictIdSorter.conflictIdCycleCount=6, ConflictResolver.totalTime=8552100, ConflictResolver.conflictItemCount=79, DfDependencyCollector.collectTime=337833200, DfDependencyCollector.transformTime=15570500}
[DEBUG] org.example:LibraryManagement:jar:1.0-SNAPSHOT
[DEBUG]    org.openjfx:javafx-controls:jar:21:compile
[DEBUG]       org.openjfx:javafx-controls:jar:win:21:compile
[DEBUG]    org.openjfx:javafx-fxml:jar:21:compile
[DEBUG]       org.openjfx:javafx-fxml:jar:win:21:compile
[DEBUG]    org.openjfx:javafx-graphics:jar:21:compile
[DEBUG]       org.openjfx:javafx-graphics:jar:win:21:compile
[DEBUG]       org.openjfx:javafx-base:jar:21:compile
[DEBUG]          org.openjfx:javafx-base:jar:win:21:compile
[DEBUG]    org.openjfx:javafx-media:jar:21:compile
[DEBUG]       org.openjfx:javafx-media:jar:win:21:compile
[DEBUG]    org.openjfx:javafx-web:jar:21:compile
[DEBUG]       org.openjfx:javafx-web:jar:win:21:compile
[DEBUG]    org.json:json:jar:20231013:compile
[DEBUG]    com.google.zxing:core:jar:3.5.2:compile
[DEBUG]    com.google.zxing:javase:jar:3.5.2:compile
[DEBUG]       com.beust:jcommander:jar:1.82:compile
[DEBUG]       com.github.jai-imageio:jai-imageio-core:jar:1.4.0:runtime
[DEBUG]    com.google.api-client:google-api-client:jar:2.2.0:compile
[DEBUG]       commons-codec:commons-codec:jar:1.15:compile
[DEBUG]       com.google.oauth-client:google-oauth-client:jar:1.34.1:compile
[DEBUG]       com.google.guava:guava:jar:31.1-jre:compile
[DEBUG]          com.google.guava:failureaccess:jar:1.0.1:compile
[DEBUG]          com.google.guava:listenablefuture:jar:9999.0-empty-to-avoid-conflict-with-guava:compile
[DEBUG]          com.google.code.findbugs:jsr305:jar:3.0.2:compile
[DEBUG]          org.checkerframework:checker-qual:jar:3.12.0:compile
[DEBUG]          com.google.errorprone:error_prone_annotations:jar:2.11.0:compile
[DEBUG]          com.google.j2objc:j2objc-annotations:jar:1.3:compile
[DEBUG]       com.google.http-client:google-http-client-apache-v2:jar:1.42.3:compile
[DEBUG]       org.apache.httpcomponents:httpcore:jar:4.4.16:compile
[DEBUG]       org.apache.httpcomponents:httpclient:jar:4.5.14:compile
[DEBUG]          commons-logging:commons-logging:jar:1.2:compile
[DEBUG]       com.google.http-client:google-http-client:jar:1.42.3:compile
[DEBUG]          io.opencensus:opencensus-api:jar:0.31.1:compile
[DEBUG]             io.grpc:grpc-context:jar:1.27.2:compile
[DEBUG]          io.opencensus:opencensus-contrib-http-util:jar:0.31.1:compile
[DEBUG]    com.google.http-client:google-http-client-gson:jar:1.43.3:compile
[DEBUG]       com.google.code.gson:gson:jar:2.10.1:compile
[DEBUG]    org.junit.jupiter:junit-jupiter-api:jar:5.10.0:test
[DEBUG]       org.opentest4j:opentest4j:jar:1.3.0:test
[DEBUG]       org.junit.platform:junit-platform-commons:jar:1.10.0:test
[DEBUG]       org.apiguardian:apiguardian-api:jar:1.1.2:test
[DEBUG]    org.junit.jupiter:junit-jupiter-engine:jar:5.10.0:test
[DEBUG]       org.junit.platform:junit-platform-engine:jar:1.10.0:test
[DEBUG]    org.junit.jupiter:junit-jupiter-params:jar:5.10.0:test
[DEBUG]    org.assertj:assertj-core:jar:3.24.2:test
[DEBUG]       net.bytebuddy:byte-buddy:jar:1.12.21:test
[INFO] 
[INFO] --- clean:3.2.0:clean (default-clean) @ LibraryManagement ---
[DEBUG] Dependency collection stats {ConflictMarker.analyzeTime=45200, ConflictMarker.markTime=56700, ConflictMarker.nodeCount=3, ConflictIdSorter.graphTime=7900, ConflictIdSorter.topsortTime=10100, ConflictIdSorter.conflictIdCount=3, ConflictIdSorter.conflictIdCycleCount=0, ConflictResolver.totalTime=150900, ConflictResolver.conflictItemCount=3, DfDependencyCollector.collectTime=15941600, DfDependencyCollector.transformTime=286100}
[DEBUG] org.apache.maven.plugins:maven-clean-plugin:jar:3.2.0
[DEBUG]    org.apache.maven.shared:maven-shared-utils:jar:3.3.4:compile
[DEBUG]       commons-io:commons-io:jar:2.6:compile
[DEBUG] Created new class realm plugin>org.apache.maven.plugins:maven-clean-plugin:3.2.0
[DEBUG] Importing foreign packages into class realm plugin>org.apache.maven.plugins:maven-clean-plugin:3.2.0
[DEBUG]   Imported:  < maven.api
[DEBUG] Populating class realm plugin>org.apache.maven.plugins:maven-clean-plugin:3.2.0
[DEBUG]   Included: org.apache.maven.plugins:maven-clean-plugin:jar:3.2.0
[DEBUG]   Included: org.apache.maven.shared:maven-shared-utils:jar:3.3.4
[DEBUG]   Included: commons-io:commons-io:jar:2.6
[DEBUG] Loading mojo org.apache.maven.plugins:maven-clean-plugin:3.2.0:clean from plugin realm ClassRealm[plugin>org.apache.maven.plugins:maven-clean-plugin:3.2.0, parent: jdk.internal.loader.ClassLoaders$AppClassLoader@70dea4e]
[DEBUG] Configuring mojo execution 'org.apache.maven.plugins:maven-clean-plugin:3.2.0:clean:default-clean' with basic configurator -->
[DEBUG]   (f) directory = C:\Users\ADMIN\Documents\GitHub\BTL---OOP---Group-10\target
[DEBUG]   (f) excludeDefaultDirectories = false
[DEBUG]   (f) failOnError = true
[DEBUG]   (f) fast = false
[DEBUG]   (f) fastMode = background
[DEBUG]   (f) followSymLinks = false
[DEBUG]   (f) outputDirectory = C:\Users\ADMIN\Documents\GitHub\BTL---OOP---Group-10\target\classes
[DEBUG]   (f) reportDirectory = C:\Users\ADMIN\Documents\GitHub\BTL---OOP---Group-10\target\classes
[DEBUG]   (f) retryOnError = true
[DEBUG]   (f) session = org.apache.maven.execution.MavenSession@68d651f2
[DEBUG]   (f) skip = false
[DEBUG]   (f) testOutputDirectory = C:\Users\ADMIN\Documents\GitHub\BTL---OOP---Group-10\target\test-classes
[DEBUG] -- end configuration --
[INFO] Deleting C:\Users\ADMIN\Documents\GitHub\BTL---OOP---Group-10\target
[INFO] Deleting file C:\Users\ADMIN\Documents\GitHub\BTL---OOP---Group-10\target\maven-status\maven-compiler-plugin\compile\default-compile\inputFiles.lst
[INFO] Deleting file C:\Users\ADMIN\Documents\GitHub\BTL---OOP---Group-10\target\maven-status\maven-compiler-plugin\compile\default-compile\createdFiles.lst
[INFO] Deleting directory C:\Users\ADMIN\Documents\GitHub\BTL---OOP---Group-10\target\maven-status\maven-compiler-plugin\compile\default-compile
[INFO] Deleting directory C:\Users\ADMIN\Documents\GitHub\BTL---OOP---Group-10\target\maven-status\maven-compiler-plugin\compile
[INFO] Deleting directory C:\Users\ADMIN\Documents\GitHub\BTL---OOP---Group-10\target\maven-status\maven-compiler-plugin
[INFO] Deleting directory C:\Users\ADMIN\Documents\GitHub\BTL---OOP---Group-10\target\maven-status
[INFO] Deleting directory C:\Users\ADMIN\Documents\GitHub\BTL---OOP---Group-10\target\generated-sources\annotations
[INFO] Deleting directory C:\Users\ADMIN\Documents\GitHub\BTL---OOP---Group-10\target\generated-sources
[INFO] Deleting file C:\Users\ADMIN\Documents\GitHub\BTL---OOP---Group-10\target\classes\org\example\utils\ValidationUtils.class
[INFO] Deleting file C:\Users\ADMIN\Documents\GitHub\BTL---OOP---Group-10\target\classes\org\example\utils\QRCodeGenerator.class
[INFO] Deleting file C:\Users\ADMIN\Documents\GitHub\BTL---OOP---Group-10\target\classes\org\example\utils\IdGenerator.class
[INFO] Deleting file C:\Users\ADMIN\Documents\GitHub\BTL---OOP---Group-10\target\classes\org\example\utils\GoogleBooksAPI.class
[INFO] Deleting file C:\Users\ADMIN\Documents\GitHub\BTL---OOP---Group-10\target\classes\org\example\utils\DateUtils.class
[INFO] Deleting directory C:\Users\ADMIN\Documents\GitHub\BTL---OOP---Group-10\target\classes\org\example\utils
[INFO] Deleting file C:\Users\ADMIN\Documents\GitHub\BTL---OOP---Group-10\target\classes\org\example\service\UserService.class
[INFO] Deleting file C:\Users\ADMIN\Documents\GitHub\BTL---OOP---Group-10\target\classes\org\example\service\LoanService.class
[INFO] Deleting file C:\Users\ADMIN\Documents\GitHub\BTL---OOP---Group-10\target\classes\org\example\service\BookService.class
[INFO] Deleting directory C:\Users\ADMIN\Documents\GitHub\BTL---OOP---Group-10\target\classes\org\example\service
[INFO] Deleting file C:\Users\ADMIN\Documents\GitHub\BTL---OOP---Group-10\target\classes\org\example\model\User.class
[INFO] Deleting file C:\Users\ADMIN\Documents\GitHub\BTL---OOP---Group-10\target\classes\org\example\model\Member.class
[INFO] Deleting file C:\Users\ADMIN\Documents\GitHub\BTL---OOP---Group-10\target\classes\org\example\model\Loan.class
[INFO] Deleting file C:\Users\ADMIN\Documents\GitHub\BTL---OOP---Group-10\target\classes\org\example\model\Librarian.class
[INFO] Deleting file C:\Users\ADMIN\Documents\GitHub\BTL---OOP---Group-10\target\classes\org\example\model\Book.class
[INFO] Deleting directory C:\Users\ADMIN\Documents\GitHub\BTL---OOP---Group-10\target\classes\org\example\model
[INFO] Deleting file C:\Users\ADMIN\Documents\GitHub\BTL---OOP---Group-10\target\classes\org\example\Main.class
[INFO] Deleting file C:\Users\ADMIN\Documents\GitHub\BTL---OOP---Group-10\target\classes\org\example\controller\UserController.class
[INFO] Deleting file C:\Users\ADMIN\Documents\GitHub\BTL---OOP---Group-10\target\classes\org\example\controller\LoanController.class
[INFO] Deleting file C:\Users\ADMIN\Documents\GitHub\BTL---OOP---Group-10\target\classes\org\example\controller\BookController.class
[INFO] Deleting directory C:\Users\ADMIN\Documents\GitHub\BTL---OOP---Group-10\target\classes\org\example\controller
[INFO] Deleting directory C:\Users\ADMIN\Documents\GitHub\BTL---OOP---Group-10\target\classes\org\example
[INFO] Deleting directory C:\Users\ADMIN\Documents\GitHub\BTL---OOP---Group-10\target\classes\org
[INFO] Deleting directory C:\Users\ADMIN\Documents\GitHub\BTL---OOP---Group-10\target\classes
[INFO] Deleting directory C:\Users\ADMIN\Documents\GitHub\BTL---OOP---Group-10\target
[DEBUG] Skipping non-existing directory C:\Users\ADMIN\Documents\GitHub\BTL---OOP---Group-10\target\classes
[DEBUG] Skipping non-existing directory C:\Users\ADMIN\Documents\GitHub\BTL---OOP---Group-10\target\test-classes
[DEBUG] Skipping non-existing directory C:\Users\ADMIN\Documents\GitHub\BTL---OOP---Group-10\target\classes
[INFO] 
[INFO] >>> javafx:0.0.8:run (default-cli) > process-classes @ LibraryManagement >>>
[DEBUG] Dependency collection stats {ConflictMarker.analyzeTime=315600, ConflictMarker.markTime=73800, ConflictMarker.nodeCount=131, ConflictIdSorter.graphTime=105400, ConflictIdSorter.topsortTime=95600, ConflictIdSorter.conflictIdCount=47, ConflictIdSorter.conflictIdCycleCount=6, ConflictResolver.totalTime=903400, ConflictResolver.conflictItemCount=79, DfDependencyCollector.collectTime=5795000, DfDependencyCollector.transformTime=1530900}
[DEBUG] org.example:LibraryManagement:jar:1.0-SNAPSHOT
[DEBUG]    org.openjfx:javafx-controls:jar:21:compile
[DEBUG]       org.openjfx:javafx-controls:jar:win:21:compile
[DEBUG]    org.openjfx:javafx-fxml:jar:21:compile
[DEBUG]       org.openjfx:javafx-fxml:jar:win:21:compile
[DEBUG]    org.openjfx:javafx-graphics:jar:21:compile
[DEBUG]       org.openjfx:javafx-graphics:jar:win:21:compile
[DEBUG]       org.openjfx:javafx-base:jar:21:compile
[DEBUG]          org.openjfx:javafx-base:jar:win:21:compile
[DEBUG]    org.openjfx:javafx-media:jar:21:compile
[DEBUG]       org.openjfx:javafx-media:jar:win:21:compile
[DEBUG]    org.openjfx:javafx-web:jar:21:compile
[DEBUG]       org.openjfx:javafx-web:jar:win:21:compile
[DEBUG]    org.json:json:jar:20231013:compile
[DEBUG]    com.google.zxing:core:jar:3.5.2:compile
[DEBUG]    com.google.zxing:javase:jar:3.5.2:compile
[DEBUG]       com.beust:jcommander:jar:1.82:compile
[DEBUG]       com.github.jai-imageio:jai-imageio-core:jar:1.4.0:runtime
[DEBUG]    com.google.api-client:google-api-client:jar:2.2.0:compile
[DEBUG]       commons-codec:commons-codec:jar:1.15:compile
[DEBUG]       com.google.oauth-client:google-oauth-client:jar:1.34.1:compile
[DEBUG]       com.google.guava:guava:jar:31.1-jre:compile
[DEBUG]          com.google.guava:failureaccess:jar:1.0.1:compile
[DEBUG]          com.google.guava:listenablefuture:jar:9999.0-empty-to-avoid-conflict-with-guava:compile
[DEBUG]          com.google.code.findbugs:jsr305:jar:3.0.2:compile
[DEBUG]          org.checkerframework:checker-qual:jar:3.12.0:compile
[DEBUG]          com.google.errorprone:error_prone_annotations:jar:2.11.0:compile
[DEBUG]          com.google.j2objc:j2objc-annotations:jar:1.3:compile
[DEBUG]       com.google.http-client:google-http-client-apache-v2:jar:1.42.3:compile
[DEBUG]       org.apache.httpcomponents:httpcore:jar:4.4.16:compile
[DEBUG]       org.apache.httpcomponents:httpclient:jar:4.5.14:compile
[DEBUG]          commons-logging:commons-logging:jar:1.2:compile
[DEBUG]       com.google.http-client:google-http-client:jar:1.42.3:compile
[DEBUG]          io.opencensus:opencensus-api:jar:0.31.1:compile
[DEBUG]             io.grpc:grpc-context:jar:1.27.2:compile
[DEBUG]          io.opencensus:opencensus-contrib-http-util:jar:0.31.1:compile
[DEBUG]    com.google.http-client:google-http-client-gson:jar:1.43.3:compile
[DEBUG]       com.google.code.gson:gson:jar:2.10.1:compile
[DEBUG]    org.junit.jupiter:junit-jupiter-api:jar:5.10.0:test
[DEBUG]       org.opentest4j:opentest4j:jar:1.3.0:test
[DEBUG]       org.junit.platform:junit-platform-commons:jar:1.10.0:test
[DEBUG]       org.apiguardian:apiguardian-api:jar:1.1.2:test
[DEBUG]    org.junit.jupiter:junit-jupiter-engine:jar:5.10.0:test
[DEBUG]       org.junit.platform:junit-platform-engine:jar:1.10.0:test
[DEBUG]    org.junit.jupiter:junit-jupiter-params:jar:5.10.0:test
[DEBUG]    org.assertj:assertj-core:jar:3.24.2:test
[DEBUG]       net.bytebuddy:byte-buddy:jar:1.12.21:test
[INFO] 
[INFO] --- resources:3.3.1:resources (default-resources) @ LibraryManagement ---
[DEBUG] Dependency collection stats {ConflictMarker.analyzeTime=112000, ConflictMarker.markTime=16100, ConflictMarker.nodeCount=13, ConflictIdSorter.graphTime=88100, ConflictIdSorter.topsortTime=14200, ConflictIdSorter.conflictIdCount=9, ConflictIdSorter.conflictIdCycleCount=0, ConflictResolver.totalTime=217500, ConflictResolver.conflictItemCount=13, DfDependencyCollector.collectTime=51199900, DfDependencyCollector.transformTime=464400}
[DEBUG] org.apache.maven.plugins:maven-resources-plugin:jar:3.3.1
[DEBUG]    org.codehaus.plexus:plexus-interpolation:jar:1.26:runtime
[DEBUG]    org.codehaus.plexus:plexus-utils:jar:3.5.1:compile
[DEBUG]    org.apache.maven.shared:maven-filtering:jar:3.3.1:compile
[DEBUG]       javax.inject:javax.inject:jar:1:compile
[DEBUG]       org.slf4j:slf4j-api:jar:1.7.36:compile
[DEBUG]       org.sonatype.plexus:plexus-build-api:jar:0.0.7:compile
[DEBUG]    commons-io:commons-io:jar:2.11.0:compile
[DEBUG]    org.apache.commons:commons-lang3:jar:3.12.0:compile
[DEBUG] Created new class realm plugin>org.apache.maven.plugins:maven-resources-plugin:3.3.1
[DEBUG] Importing foreign packages into class realm plugin>org.apache.maven.plugins:maven-resources-plugin:3.3.1
[DEBUG]   Imported:  < maven.api
[DEBUG] Populating class realm plugin>org.apache.maven.plugins:maven-resources-plugin:3.3.1
[DEBUG]   Included: org.apache.maven.plugins:maven-resources-plugin:jar:3.3.1
[DEBUG]   Included: org.codehaus.plexus:plexus-interpolation:jar:1.26
[DEBUG]   Included: org.codehaus.plexus:plexus-utils:jar:3.5.1
[DEBUG]   Included: org.apache.maven.shared:maven-filtering:jar:3.3.1
[DEBUG]   Included: org.sonatype.plexus:plexus-build-api:jar:0.0.7
[DEBUG]   Included: commons-io:commons-io:jar:2.11.0
[DEBUG]   Included: org.apache.commons:commons-lang3:jar:3.12.0
[DEBUG] Loading mojo org.apache.maven.plugins:maven-resources-plugin:3.3.1:resources from plugin realm ClassRealm[plugin>org.apache.maven.plugins:maven-resources-plugin:3.3.1, parent: jdk.internal.loader.ClassLoaders$AppClassLoader@70dea4e]
[DEBUG] Configuring mojo execution 'org.apache.maven.plugins:maven-resources-plugin:3.3.1:resources:default-resources' with basic configurator -->
[DEBUG]   (f) addDefaultExcludes = true
[DEBUG]   (f) buildFilters = []
[DEBUG]   (f) escapeWindowsPaths = true
[DEBUG]   (f) fileNameFiltering = false
[DEBUG]   (s) includeEmptyDirs = false
[DEBUG]   (s) outputDirectory = C:\Users\ADMIN\Documents\GitHub\BTL---OOP---Group-10\target\classes
[DEBUG]   (s) overwrite = false
[DEBUG]   (f) project = MavenProject: org.example:LibraryManagement:1.0-SNAPSHOT @ C:\Users\ADMIN\Documents\GitHub\BTL---OOP---Group-10\pom.xml
[DEBUG]   (s) resources = [Resource {targetPath: null, filtering: false, FileSet {directory: C:\Users\ADMIN\Documents\GitHub\BTL---OOP---Group-10\src\main\resources, PatternSet [includes: {}, excludes: {}]}}]
[DEBUG]   (f) session = org.apache.maven.execution.MavenSession@68d651f2
[DEBUG]   (f) skip = false
[DEBUG]   (f) supportMultiLineFiltering = false
[DEBUG]   (f) useBuildFilters = true
[DEBUG]   (s) useDefaultDelimiters = true
[DEBUG] -- end configuration --
[DEBUG] properties used:
[DEBUG] classworlds.conf: C:\Users\ADMIN\AppData\Roaming\Code\User\globalStorage\pleiades.java-extension-pack-jdk\maven\latest\bin\m2.conf
[DEBUG] env.=C:: C:\Users\ADMIN\Documents\GitHub\BTL---OOP---Group-10
[DEBUG] env.=EXITCODE: 00000000
[DEBUG] env.ALLUSERSPROFILE: C:\ProgramData
[DEBUG] env.APPDATA: C:\Users\ADMIN\AppData\Roaming
[DEBUG] env.ASL.LOG: Destination=file
[DEBUG] env.BUNDLED_DEBUGPY_PATH: c:\Users\ADMIN\.vscode\extensions\ms-python.debugpy-2025.4.0-win32-x64\bundled\libs\debugpy
[DEBUG] env.CHROME_CRASHPAD_PIPE_NAME: \\.\pipe\crashpad_11128_JGVFRBMSZKUTDZAD
[DEBUG] env.CLASSWORLDS_JAR: "C:\Users\ADMIN\AppData\Roaming\Code\User\globalStorage\pleiades.java-extension-pack-jdk\maven\latest\boot\plexus-classworlds-2.8.0.jar"
[DEBUG] env.CLASSWORLDS_LAUNCHER: org.codehaus.plexus.classworlds.launcher.Launcher
[DEBUG] env.COLORTERM: truecolor
[DEBUG] env.COMMONPROGRAMFILES: C:\Program Files\Common Files
[DEBUG] env.COMMONPROGRAMFILES(X86): C:\Program Files (x86)\Common Files
[DEBUG] env.COMMONPROGRAMW6432: C:\Program Files\Common Files
[DEBUG] env.COMPUTERNAME: LAPTOP-CS81L52S
[DEBUG] env.COMSPEC: C:\Windows\system32\cmd.exe
[DEBUG] env.CUDA_PATH: C:\Program Files\NVIDIA GPU Computing Toolkit\CUDA\v12.8
[DEBUG] env.CUDA_PATH_V12_8: C:\Program Files\NVIDIA GPU Computing Toolkit\CUDA\v12.8
[DEBUG] env.DRIVERDATA: C:\Windows\System32\Drivers\DriverData
[DEBUG] env.EFC_12724: 1
[DEBUG] env.ERROR_CODE: 0
[DEBUG] env.EXEC_DIR: C:\Users\ADMIN\Documents\GitHub\BTL---OOP---Group-10
[DEBUG] env.GIT_ASKPASS: c:\Users\ADMIN\AppData\Local\Programs\Microsoft VS Code\resources\app\extensions\git\dist\askpass.sh
[DEBUG] env.HOMEDRIVE: C:
[DEBUG] env.HOMEPATH: \Users\ADMIN
[DEBUG] env.IGCCSVC_DB: AQAAANCMnd8BFdERjHoAwE/Cl+sBAAAAfOYkJ2O1REKt/9oGlH2vLAQAAAACAAAAAAAQZgAAAAEAACAAAAC6jdGfK7FskpDUJZ0sVicSeQvyUTllO2mWShQRj3lC7gAAAAAOgAAAAAIAACAAAADmmwS8DatjnhH8fkf8uf9VuIvYLKsuQo7D0sXCH1Ci+mAAAAA86K/1rm3A0iOESqccYaJI6/x5n7MRv+ZOV+z77c6C5yKbzXMnbVOVT6ZyETyRmbGNZQIzYuKF+z9W4UkpLpyHwm2QOTFnCWhOWM7MtJJftaou+ElHhqtUedu/FgB2GtxAAAAAPLGpNRwnbLD80p6x5GPG17oeT4ct3fXU5L1XP6HlDbbVNv9TigN+yq3ADMpKjDF99xfzf0y1/gVjwalWNmbTZQ==
[DEBUG] env.INTELLIJ IDEA: C:\Program Files\JetBrains\IntelliJ IDEA 2024.3.3\bin;
[DEBUG] env.JAVACMD: C:\Program Files\Java\jdk-21\bin\java.exe
[DEBUG] env.JAVA_HOME: C:\Program Files\Java\jdk-21
[DEBUG] env.JVMCONFIG: \.mvn\jvm.config
[DEBUG] env.LANG: en_US.UTF-8
[DEBUG] env.LOCALAPPDATA: C:\Users\ADMIN\AppData\Local
[DEBUG] env.LOGONSERVER: \\LAPTOP-CS81L52S
[DEBUG] env.MAVEN_CMD_LINE_ARGS: clean javafx:run -X
[DEBUG] env.MAVEN_HOME: C:\Users\ADMIN\AppData\Roaming\Code\User\globalStorage\pleiades.java-extension-pack-jdk\maven\latest
[DEBUG] env.MAVEN_PROJECTBASEDIR: C:\Users\ADMIN\Documents\GitHub\BTL---OOP---Group-10
[DEBUG] env.NUMBER_OF_PROCESSORS: 16
[DEBUG] env.ONEDRIVE: C:\Users\ADMIN\OneDrive
[DEBUG] env.ONEDRIVECONSUMER: C:\Users\ADMIN\OneDrive
[DEBUG] env.ORIGINAL_XDG_CURRENT_DESKTOP: undefined
[DEBUG] env.OS: Windows_NT
[DEBUG] env.PATH: C:\Users\ADMIN\AppData\Roaming\Code\User\globalStorage\pleiades.java-extension-pack-jdk\gradle\latest\bin;C:\Users\ADMIN\AppData\Roaming\Code\User\globalStorage\pleiades.java-extension-pack-jdk\maven\latest\bin;C:\Program Files\Java\jdk-21\bin;C:\Program Files\NVIDIA\CUDNN\v9.7\bin;C:\Program Files\NVIDIA GPU Computing Toolkit\CUDA\v12.8\bin;C:\Program Files\NVIDIA GPU Computing Toolkit\CUDA\v12.8\libnvvp;C:\Program Files\Common Files\Oracle\Java\javapath;C:\Program Files (x86)\Common Files\Oracle\Java\javapath;C:\Windows\system32;C:\Windows;C:\Windows\System32\Wbem;C:\Windows\System32\WindowsPowerShell\v1.0\;C:\Windows\System32\OpenSSH\;C:\Program Files (x86)\NVIDIA Corporation\PhysX\Common;C:\Program Files\Cloudflare\Cloudflare WARP\;C:\Program Files\NVIDIA Corporation\NVIDIA app\NvDLISR;C:\Git\cmd;C:\Program Files\Microsoft SQL Server\150\Tools\Binn\;C:\Program Files\Microsoft SQL Server\Client SDK\ODBC\170\Tools\Binn\;C:\Program Files (x86)\Windows Kits\10\Windows Performance Toolkit\;C:\Program Files\dotnet\;C:\Program Files\Apache\Maven\apache-maven-3.9.9\bin;C:\Program Files\NVIDIA Corporation\Nsight Compute 2025.1.0\;C:\Users\ADMIN\AppData\Local\Programs\Python\Python38\Scripts\;C:\Users\ADMIN\AppData\Local\Programs\Python\Python38\;C:\Users\ADMIN\AppData\Local\Microsoft\WindowsApps;C:\Users\ADMIN\AppData\Local\Programs\Microsoft VS Code\bin;C:\msys64\ucrt64\bin;C:\Users\ADMIN\AppData\Local\GitHubDesktop\bin;C:\Users\ADMIN\.dotnet\tools;C:\Program Files\JetBrains\IntelliJ IDEA 2024.3.3\bin;;C:\Program Files\Java\jdk-21\bin;C:\Program Files\Java\jdk-21\bin;C:\Program Files\NVIDIA GPU Computing Toolkit\CUDA\v12.8\bin;C:\Program Files\NVIDIA GPU Computing Toolkit\CUDA\v12.8\lib\x64;C:\Program Files\NVIDIA GPU Computing Toolkit\CUDA\v12.8\include;;c:\Users\ADMIN\.vscode\extensions\ms-python.debugpy-2025.4.0-win32-x64\bundled\scripts\noConfigScripts;c:\Users\ADMIN\AppData\Roaming\Code\User\globalStorage\github.copilot-chat\debugCommand
[DEBUG] env.PATHEXT: .COM;.EXE;.BAT;.CMD;.VBS;.VBE;.JS;.JSE;.WSF;.WSH;.MSC
[DEBUG] env.PROCESSOR_ARCHITECTURE: AMD64
[DEBUG] env.PROCESSOR_IDENTIFIER: Intel64 Family 6 Model 183 Stepping 1, GenuineIntel
[DEBUG] env.PROCESSOR_LEVEL: 6
[DEBUG] env.PROCESSOR_REVISION: b701
[DEBUG] env.PROGRAMDATA: C:\ProgramData
[DEBUG] env.PROGRAMFILES: C:\Program Files
[DEBUG] env.PROGRAMFILES(X86): C:\Program Files (x86)
[DEBUG] env.PROGRAMW6432: C:\Program Files
[DEBUG] env.PROMPT: $P$G
[DEBUG] env.PSMODULEPATH: C:\Program Files\WindowsPowerShell\Modules;C:\Windows\system32\WindowsPowerShell\v1.0\Modules
[DEBUG] env.PUBLIC: C:\Users\Public
[DEBUG] env.PYDEVD_DISABLE_FILE_VALIDATION: 1
[DEBUG] env.SESSIONNAME: Console
[DEBUG] env.SYSTEMDRIVE: C:
[DEBUG] env.SYSTEMROOT: C:\Windows
[DEBUG] env.TEMP: C:\Users\ADMIN\AppData\Local\Temp
[DEBUG] env.TERM_PROGRAM: vscode
[DEBUG] env.TERM_PROGRAM_VERSION: 1.98.2
[DEBUG] env.TMP: C:\Users\ADMIN\AppData\Local\Temp
[DEBUG] env.USERDOMAIN: LAPTOP-CS81L52S
[DEBUG] env.USERDOMAIN_ROAMINGPROFILE: LAPTOP-CS81L52S
[DEBUG] env.USERNAME: ADMIN
[DEBUG] env.USERPROFILE: C:\Users\ADMIN
[DEBUG] env.VSCODE_DEBUGPY_ADAPTER_ENDPOINTS: c:\Users\ADMIN\.vscode\extensions\ms-python.debugpy-2025.4.0-win32-x64\.noConfigDebugAdapterEndpoints\endpoint-155f24ca736ba724.txt
[DEBUG] env.VSCODE_GIT_ASKPASS_EXTRA_ARGS: 
[DEBUG] env.VSCODE_GIT_ASKPASS_MAIN: c:\Users\ADMIN\AppData\Local\Programs\Microsoft VS Code\resources\app\extensions\git\dist\askpass-main.js
[DEBUG] env.VSCODE_GIT_ASKPASS_NODE: C:\Users\ADMIN\AppData\Local\Programs\Microsoft VS Code\Code.exe
[DEBUG] env.VSCODE_GIT_IPC_HANDLE: \\.\pipe\vscode-git-5cca865f14-sock
[DEBUG] env.WDIR: C:\
[DEBUG] env.WINDIR: C:\Windows
[DEBUG] env.ZES_ENABLE_SYSMAN: 1
[DEBUG] file.encoding: UTF-8
[DEBUG] file.separator: \
[DEBUG] java.class.path: C:\Users\ADMIN\AppData\Roaming\Code\User\globalStorage\pleiades.java-extension-pack-jdk\maven\latest\boot\plexus-classworlds-2.8.0.jar
[DEBUG] java.class.version: 65.0
[DEBUG] java.home: C:\Program Files\Java\jdk-21
[DEBUG] java.io.tmpdir: C:\Users\ADMIN\AppData\Local\Temp\
[DEBUG] java.library.path: C:\Program Files\Java\jdk-21\bin;C:\Windows\Sun\Java\bin;C:\Windows\system32;C:\Windows;C:\Users\ADMIN\AppData\Roaming\Code\User\globalStorage\pleiades.java-extension-pack-jdk\gradle\latest\bin;C:\Users\ADMIN\AppData\Roaming\Code\User\globalStorage\pleiades.java-extension-pack-jdk\maven\latest\bin;C:\Program Files\Java\jdk-21\bin;C:\Program Files\NVIDIA\CUDNN\v9.7\bin;C:\Program Files\NVIDIA GPU Computing Toolkit\CUDA\v12.8\bin;C:\Program Files\NVIDIA GPU Computing Toolkit\CUDA\v12.8\libnvvp;C:\Program Files\Common Files\Oracle\Java\javapath;C:\Program Files (x86)\Common Files\Oracle\Java\javapath;C:\Windows\system32;C:\Windows;C:\Windows\System32\Wbem;C:\Windows\System32\WindowsPowerShell\v1.0\;C:\Windows\System32\OpenSSH\;C:\Program Files (x86)\NVIDIA Corporation\PhysX\Common;C:\Program Files\Cloudflare\Cloudflare WARP\;C:\Program Files\NVIDIA Corporation\NVIDIA app\NvDLISR;C:\Git\cmd;C:\Program Files\Microsoft SQL Server\150\Tools\Binn\;C:\Program Files\Microsoft SQL Server\Client SDK\ODBC\170\Tools\Binn\;C:\Program Files (x86)\Windows Kits\10\Windows Performance Toolkit\;C:\Program Files\dotnet\;C:\Program Files\Apache\Maven\apache-maven-3.9.9\bin;C:\Program Files\NVIDIA Corporation\Nsight Compute 2025.1.0\;C:\Users\ADMIN\AppData\Local\Programs\Python\Python38\Scripts\;C:\Users\ADMIN\AppData\Local\Programs\Python\Python38\;C:\Users\ADMIN\AppData\Local\Microsoft\WindowsApps;C:\Users\ADMIN\AppData\Local\Programs\Microsoft VS Code\bin;C:\msys64\ucrt64\bin;C:\Users\ADMIN\AppData\Local\GitHubDesktop\bin;C:\Users\ADMIN\.dotnet\tools;C:\Program Files\JetBrains\IntelliJ IDEA 2024.3.3\bin;;C:\Program Files\Java\jdk-21\bin;C:\Program Files\Java\jdk-21\bin;C:\Program Files\NVIDIA GPU Computing Toolkit\CUDA\v12.8\bin;C:\Program Files\NVIDIA GPU Computing Toolkit\CUDA\v12.8\lib\x64;C:\Program Files\NVIDIA GPU Computing Toolkit\CUDA\v12.8\include;;c:\Users\ADMIN\.vscode\extensions\ms-python.debugpy-2025.4.0-win32-x64\bundled\scripts\noConfigScripts;c:\Users\ADMIN\AppData\Roaming\Code\User\globalStorage\github.copilot-chat\debugCommand;.
[DEBUG] java.runtime.name: Java(TM) SE Runtime Environment
[DEBUG] java.runtime.version: 21.0.6+8-LTS-188
[DEBUG] java.specification.name: Java Platform API Specification
[DEBUG] java.specification.vendor: Oracle Corporation
[DEBUG] java.specification.version: 21
[DEBUG] java.vendor: Oracle Corporation
[DEBUG] java.vendor.url: https://java.oracle.com/
[DEBUG] java.vendor.url.bug: https://bugreport.java.com/bugreport/
[DEBUG] java.version: 21.0.6
[DEBUG] java.version.date: 2025-01-21
[DEBUG] java.vm.compressedOopsMode: Zero based
[DEBUG] java.vm.info: mixed mode, sharing
[DEBUG] java.vm.name: Java HotSpot(TM) 64-Bit Server VM
[DEBUG] java.vm.specification.name: Java Virtual Machine Specification
[DEBUG] java.vm.specification.vendor: Oracle Corporation
[DEBUG] java.vm.specification.version: 21
[DEBUG] java.vm.vendor: Oracle Corporation
[DEBUG] java.vm.version: 21.0.6+8-LTS-188
[DEBUG] jdk.debug: release
[DEBUG] library.jansi.path: C:\Users\ADMIN\AppData\Roaming\Code\User\globalStorage\pleiades.java-extension-pack-jdk\maven\latest\lib\jansi-native
[DEBUG] line.separator: 

[DEBUG] maven.build.timestamp: 2025-03-18T13:46:58Z
[DEBUG] maven.build.version: Apache Maven 3.9.9 (8e8579a9e76f7d015ee5ec7bfcdc97d260186937)
[DEBUG] maven.compiler.source: 21
[DEBUG] maven.compiler.target: 21
[DEBUG] maven.conf: C:\Users\ADMIN\AppData\Roaming\Code\User\globalStorage\pleiades.java-extension-pack-jdk\maven\latest/conf
[DEBUG] maven.home: C:\Users\ADMIN\AppData\Roaming\Code\User\globalStorage\pleiades.java-extension-pack-jdk\maven\latest
[DEBUG] maven.multiModuleProjectDirectory: C:\Users\ADMIN\Documents\GitHub\BTL---OOP---Group-10
[DEBUG] maven.version: 3.9.9
[DEBUG] native.encoding: Cp1252
[DEBUG] os.arch: amd64
[DEBUG] os.name: Windows 11
[DEBUG] os.version: 10.0
[DEBUG] path.separator: ;
[DEBUG] project.baseUri: file:/C:/Users/ADMIN/Documents/GitHub/BTL---OOP---Group-10/
[DEBUG] stderr.encoding: Cp1252
[DEBUG] stdout.encoding: Cp1252
[DEBUG] sun.arch.data.model: 64
[DEBUG] sun.boot.library.path: C:\Program Files\Java\jdk-21\bin
[DEBUG] sun.cpu.endian: little
[DEBUG] sun.cpu.isalist: amd64
[DEBUG] sun.io.unicode.encoding: UnicodeLittle
[DEBUG] sun.java.command: org.codehaus.plexus.classworlds.launcher.Launcher clean javafx:run -X
[DEBUG] sun.java.launcher: SUN_STANDARD
[DEBUG] sun.jnu.encoding: Cp1252
[DEBUG] sun.management.compiler: HotSpot 64-Bit Tiered Compilers
[DEBUG] sun.os.patch.level: 
[DEBUG] user.country: US
[DEBUG] user.dir: C:\Users\ADMIN\Documents\GitHub\BTL---OOP---Group-10
[DEBUG] user.home: C:\Users\ADMIN
[DEBUG] user.language: en
[DEBUG] user.name: ADMIN
[DEBUG] user.script: 
[DEBUG] user.variant: 
[WARNING] Using platform encoding (UTF-8 actually) to copy filtered resources, i.e. build is platform dependent!
[DEBUG] Using 'null' encoding to copy filtered properties files.
[DEBUG] resource with targetPath null
directory C:\Users\ADMIN\Documents\GitHub\BTL---OOP---Group-10\src\main\resources
excludes []
includes []
[DEBUG] ignoreDelta true
[INFO] Copying 0 resource from src\main\resources to target\classes
[DEBUG] no user filter components
[INFO] 
[INFO] --- compiler:3.11.0:compile (default-compile) @ LibraryManagement ---
[DEBUG] Dependency collection stats {ConflictMarker.analyzeTime=32800, ConflictMarker.markTime=16200, ConflictMarker.nodeCount=17, ConflictIdSorter.graphTime=8800, ConflictIdSorter.topsortTime=11800, ConflictIdSorter.conflictIdCount=12, ConflictIdSorter.conflictIdCycleCount=0, ConflictResolver.totalTime=255100, ConflictResolver.conflictItemCount=17, DfDependencyCollector.collectTime=50814300, DfDependencyCollector.transformTime=339400}
[DEBUG] org.apache.maven.plugins:maven-compiler-plugin:jar:3.11.0
[DEBUG]    org.apache.maven.shared:maven-shared-utils:jar:3.3.4:compile
[DEBUG]       commons-io:commons-io:jar:2.6:compile
[DEBUG]    org.apache.maven.shared:maven-shared-incremental:jar:1.1:compile
[DEBUG]       org.codehaus.plexus:plexus-component-annotations:jar:1.5.5:compile
[DEBUG]    org.codehaus.plexus:plexus-java:jar:1.1.2:compile
[DEBUG]       org.ow2.asm:asm:jar:9.4:compile
[DEBUG]       com.thoughtworks.qdox:qdox:jar:2.0.3:compile (version managed from default)
[DEBUG]    org.codehaus.plexus:plexus-compiler-api:jar:2.13.0:compile
[DEBUG]       org.codehaus.plexus:plexus-utils:jar:3.5.0:compile (version managed from default)
[DEBUG]    org.codehaus.plexus:plexus-compiler-manager:jar:2.13.0:compile
[DEBUG]    org.codehaus.plexus:plexus-compiler-javac:jar:2.13.0:runtime
[DEBUG] Created new class realm plugin>org.apache.maven.plugins:maven-compiler-plugin:3.11.0
[DEBUG] Importing foreign packages into class realm plugin>org.apache.maven.plugins:maven-compiler-plugin:3.11.0
[DEBUG]   Imported:  < maven.api
[DEBUG] Populating class realm plugin>org.apache.maven.plugins:maven-compiler-plugin:3.11.0
[DEBUG]   Included: org.apache.maven.plugins:maven-compiler-plugin:jar:3.11.0
[DEBUG]   Included: org.apache.maven.shared:maven-shared-utils:jar:3.3.4
[DEBUG]   Included: commons-io:commons-io:jar:2.6
[DEBUG]   Included: org.apache.maven.shared:maven-shared-incremental:jar:1.1
[DEBUG]   Included: org.codehaus.plexus:plexus-component-annotations:jar:1.5.5
[DEBUG]   Included: org.codehaus.plexus:plexus-java:jar:1.1.2
[DEBUG]   Included: org.ow2.asm:asm:jar:9.4
[DEBUG]   Included: com.thoughtworks.qdox:qdox:jar:2.0.3
[DEBUG]   Included: org.codehaus.plexus:plexus-compiler-api:jar:2.13.0
[DEBUG]   Included: org.codehaus.plexus:plexus-utils:jar:3.5.0
[DEBUG]   Included: org.codehaus.plexus:plexus-compiler-manager:jar:2.13.0
[DEBUG]   Included: org.codehaus.plexus:plexus-compiler-javac:jar:2.13.0
[DEBUG] Loading mojo org.apache.maven.plugins:maven-compiler-plugin:3.11.0:compile from plugin realm ClassRealm[plugin>org.apache.maven.plugins:maven-compiler-plugin:3.11.0, parent: jdk.internal.loader.ClassLoaders$AppClassLoader@70dea4e]
[DEBUG] Configuring mojo execution 'org.apache.maven.plugins:maven-compiler-plugin:3.11.0:compile:default-compile' with basic configurator -->
[DEBUG]   (f) basedir = C:\Users\ADMIN\Documents\GitHub\BTL---OOP---Group-10
[DEBUG]   (f) buildDirectory = C:\Users\ADMIN\Documents\GitHub\BTL---OOP---Group-10\target
[DEBUG]   (f) compilePath = [C:\Users\ADMIN\Documents\GitHub\BTL---OOP---Group-10\target\classes, C:\Users\ADMIN\.m2\repository\org\openjfx\javafx-controls\21\javafx-controls-21.jar, C:\Users\ADMIN\.m2\repository\org\openjfx\javafx-controls\21\javafx-controls-21-win.jar, C:\Users\ADMIN\.m2\repository\org\openjfx\javafx-fxml\21\javafx-fxml-21.jar, C:\Users\ADMIN\.m2\repository\org\openjfx\javafx-fxml\21\javafx-fxml-21-win.jar, C:\Users\ADMIN\.m2\repository\org\openjfx\javafx-graphics\21\javafx-graphics-21.jar, C:\Users\ADMIN\.m2\repository\org\openjfx\javafx-graphics\21\javafx-graphics-21-win.jar, C:\Users\ADMIN\.m2\repository\org\openjfx\javafx-base\21\javafx-base-21.jar, C:\Users\ADMIN\.m2\repository\org\openjfx\javafx-base\21\javafx-base-21-win.jar, C:\Users\ADMIN\.m2\repository\org\openjfx\javafx-media\21\javafx-media-21.jar, C:\Users\ADMIN\.m2\repository\org\openjfx\javafx-media\21\javafx-media-21-win.jar, C:\Users\ADMIN\.m2\repository\org\openjfx\javafx-web\21\javafx-web-21.jar, C:\Users\ADMIN\.m2\repository\org\openjfx\javafx-web\21\javafx-web-21-win.jar, C:\Users\ADMIN\.m2\repository\org\json\json\20231013\json-20231013.jar, C:\Users\ADMIN\.m2\repository\com\google\zxing\core\3.5.2\core-3.5.2.jar, C:\Users\ADMIN\.m2\repository\com\google\zxing\javase\3.5.2\javase-3.5.2.jar, C:\Users\ADMIN\.m2\repository\com\beust\jcommander\1.82\jcommander-1.82.jar, C:\Users\ADMIN\.m2\repository\com\google\api-client\google-api-client\2.2.0\google-api-client-2.2.0.jar, C:\Users\ADMIN\.m2\repository\commons-codec\commons-codec\1.15\commons-codec-1.15.jar, C:\Users\ADMIN\.m2\repository\com\google\oauth-client\google-oauth-client\1.34.1\google-oauth-client-1.34.1.jar, C:\Users\ADMIN\.m2\repository\com\google\guava\guava\31.1-jre\guava-31.1-jre.jar, C:\Users\ADMIN\.m2\repository\com\google\guava\failureaccess\1.0.1\failureaccess-1.0.1.jar, C:\Users\ADMIN\.m2\repository\com\google\guava\listenablefuture\9999.0-empty-to-avoid-conflict-with-guava\listenablefuture-9999.0-empty-to-avoid-conflict-with-guava.jar, C:\Users\ADMIN\.m2\repository\com\google\code\findbugs\jsr305\3.0.2\jsr305-3.0.2.jar, C:\Users\ADMIN\.m2\repository\org\checkerframework\checker-qual\3.12.0\checker-qual-3.12.0.jar, C:\Users\ADMIN\.m2\repository\com\google\errorprone\error_prone_annotations\2.11.0\error_prone_annotations-2.11.0.jar, C:\Users\ADMIN\.m2\repository\com\google\j2objc\j2objc-annotations\1.3\j2objc-annotations-1.3.jar, C:\Users\ADMIN\.m2\repository\com\google\http-client\google-http-client-apache-v2\1.42.3\google-http-client-apache-v2-1.42.3.jar, C:\Users\ADMIN\.m2\repository\org\apache\httpcomponents\httpcore\4.4.16\httpcore-4.4.16.jar, C:\Users\ADMIN\.m2\repository\org\apache\httpcomponents\httpclient\4.5.14\httpclient-4.5.14.jar, C:\Users\ADMIN\.m2\repository\commons-logging\commons-logging\1.2\commons-logging-1.2.jar, C:\Users\ADMIN\.m2\repository\com\google\http-client\google-http-client\1.42.3\google-http-client-1.42.3.jar, C:\Users\ADMIN\.m2\repository\io\opencensus\opencensus-api\0.31.1\opencensus-api-0.31.1.jar, C:\Users\ADMIN\.m2\repository\io\grpc\grpc-context\1.27.2\grpc-context-1.27.2.jar, C:\Users\ADMIN\.m2\repository\io\opencensus\opencensus-contrib-http-util\0.31.1\opencensus-contrib-http-util-0.31.1.jar, C:\Users\ADMIN\.m2\repository\com\google\http-client\google-http-client-gson\1.43.3\google-http-client-gson-1.43.3.jar, C:\Users\ADMIN\.m2\repository\com\google\code\gson\gson\2.10.1\gson-2.10.1.jar]
[DEBUG]   (f) compileSourceRoots = [C:\Users\ADMIN\Documents\GitHub\BTL---OOP---Group-10\src\main\java]
[DEBUG]   (f) compilerId = javac
[DEBUG]   (f) createMissingPackageInfoClass = true
[DEBUG]   (f) debug = true
[DEBUG]   (f) debugFileName = javac
[DEBUG]   (f) enablePreview = false
[DEBUG]   (f) failOnError = true
[DEBUG]   (f) failOnWarning = false
[DEBUG]   (f) forceJavacCompilerUse = false
[DEBUG]   (f) fork = false
[DEBUG]   (f) generatedSourcesDirectory = C:\Users\ADMIN\Documents\GitHub\BTL---OOP---Group-10\target\generated-sources\annotations
[DEBUG]   (f) mojoExecution = org.apache.maven.plugins:maven-compiler-plugin:3.11.0:compile {execution: default-compile}
[DEBUG]   (f) optimize = false
[DEBUG]   (f) outputDirectory = C:\Users\ADMIN\Documents\GitHub\BTL---OOP---Group-10\target\classes
[DEBUG]   (f) parameters = false
[DEBUG]   (f) project = MavenProject: org.example:LibraryManagement:1.0-SNAPSHOT @ C:\Users\ADMIN\Documents\GitHub\BTL---OOP---Group-10\pom.xml
[DEBUG]   (f) projectArtifact = org.example:LibraryManagement:jar:1.0-SNAPSHOT
[DEBUG]   (f) session = org.apache.maven.execution.MavenSession@68d651f2
[DEBUG]   (f) showCompilationChanges = false
[DEBUG]   (f) showDeprecation = false
[DEBUG]   (f) showWarnings = true
[DEBUG]   (f) skipMultiThreadWarning = false
[DEBUG]   (f) source = 21
[DEBUG]   (f) staleMillis = 0
[DEBUG]   (s) target = 21
[DEBUG]   (f) useIncrementalCompilation = true
[DEBUG]   (f) verbose = false
[DEBUG] -- end configuration --
[DEBUG] Using compiler 'javac'.
[DEBUG] Adding C:\Users\ADMIN\Documents\GitHub\BTL---OOP---Group-10\target\generated-sources\annotations to compile source roots:
  C:\Users\ADMIN\Documents\GitHub\BTL---OOP---Group-10\src\main\java
[DEBUG] New compile source roots:
  C:\Users\ADMIN\Documents\GitHub\BTL---OOP---Group-10\src\main\java
  C:\Users\ADMIN\Documents\GitHub\BTL---OOP---Group-10\target\generated-sources\annotations
[DEBUG] CompilerReuseStrategy: reuseCreated
[DEBUG] useIncrementalCompilation enabled
[DEBUG] Stale source detected: C:\Users\ADMIN\Documents\GitHub\BTL---OOP---Group-10\src\main\java\org\example\utils\ValidationUtils.java
[DEBUG] Stale source detected: C:\Users\ADMIN\Documents\GitHub\BTL---OOP---Group-10\src\main\java\org\example\model\Loan.java
[DEBUG] Stale source detected: C:\Users\ADMIN\Documents\GitHub\BTL---OOP---Group-10\src\main\java\org\example\utils\GoogleBooksAPI.java
[DEBUG] Stale source detected: C:\Users\ADMIN\Documents\GitHub\BTL---OOP---Group-10\src\main\java\org\example\service\UserService.java
[DEBUG] Stale source detected: C:\Users\ADMIN\Documents\GitHub\BTL---OOP---Group-10\src\main\java\org\example\Main.java
[DEBUG] Stale source detected: C:\Users\ADMIN\Documents\GitHub\BTL---OOP---Group-10\src\main\java\org\example\utils\DateUtils.java
[DEBUG] Stale source detected: C:\Users\ADMIN\Documents\GitHub\BTL---OOP---Group-10\src\main\java\org\example\utils\IdGenerator.java
[DEBUG] Stale source detected: C:\Users\ADMIN\Documents\GitHub\BTL---OOP---Group-10\src\main\java\org\example\model\Member.java
[DEBUG] Stale source detected: C:\Users\ADMIN\Documents\GitHub\BTL---OOP---Group-10\src\main\java\org\example\utils\QRCodeGenerator.java
[DEBUG] Stale source detected: C:\Users\ADMIN\Documents\GitHub\BTL---OOP---Group-10\src\main\java\org\example\model\Librarian.java
[DEBUG] Stale source detected: C:\Users\ADMIN\Documents\GitHub\BTL---OOP---Group-10\src\main\java\org\example\controller\LoanController.java
[DEBUG] Stale source detected: C:\Users\ADMIN\Documents\GitHub\BTL---OOP---Group-10\src\main\java\org\example\model\User.java
[DEBUG] Stale source detected: C:\Users\ADMIN\Documents\GitHub\BTL---OOP---Group-10\src\main\java\org\example\model\Book.java
[DEBUG] Stale source detected: C:\Users\ADMIN\Documents\GitHub\BTL---OOP---Group-10\src\main\java\org\example\service\LoanService.java
[DEBUG] Stale source detected: C:\Users\ADMIN\Documents\GitHub\BTL---OOP---Group-10\src\main\java\org\example\service\BookService.java
[DEBUG] Stale source detected: C:\Users\ADMIN\Documents\GitHub\BTL---OOP---Group-10\src\main\java\org\example\controller\UserController.java
[DEBUG] Stale source detected: C:\Users\ADMIN\Documents\GitHub\BTL---OOP---Group-10\src\main\java\org\example\controller\BookController.java
[INFO] Changes detected - recompiling the module! :source
[DEBUG] Classpath:
[DEBUG]  C:\Users\ADMIN\Documents\GitHub\BTL---OOP---Group-10\target\classes
[DEBUG]  C:\Users\ADMIN\.m2\repository\org\openjfx\javafx-controls\21\javafx-controls-21.jar
[DEBUG]  C:\Users\ADMIN\.m2\repository\org\openjfx\javafx-controls\21\javafx-controls-21-win.jar
[DEBUG]  C:\Users\ADMIN\.m2\repository\org\openjfx\javafx-fxml\21\javafx-fxml-21.jar
[DEBUG]  C:\Users\ADMIN\.m2\repository\org\openjfx\javafx-fxml\21\javafx-fxml-21-win.jar
[DEBUG]  C:\Users\ADMIN\.m2\repository\org\openjfx\javafx-graphics\21\javafx-graphics-21.jar
[DEBUG]  C:\Users\ADMIN\.m2\repository\org\openjfx\javafx-graphics\21\javafx-graphics-21-win.jar
[DEBUG]  C:\Users\ADMIN\.m2\repository\org\openjfx\javafx-base\21\javafx-base-21.jar
[DEBUG]  C:\Users\ADMIN\.m2\repository\org\openjfx\javafx-base\21\javafx-base-21-win.jar
[DEBUG]  C:\Users\ADMIN\.m2\repository\org\openjfx\javafx-media\21\javafx-media-21.jar
[DEBUG]  C:\Users\ADMIN\.m2\repository\org\openjfx\javafx-media\21\javafx-media-21-win.jar
[DEBUG]  C:\Users\ADMIN\.m2\repository\org\openjfx\javafx-web\21\javafx-web-21.jar
[DEBUG]  C:\Users\ADMIN\.m2\repository\org\openjfx\javafx-web\21\javafx-web-21-win.jar
[DEBUG]  C:\Users\ADMIN\.m2\repository\org\json\json\20231013\json-20231013.jar
[DEBUG]  C:\Users\ADMIN\.m2\repository\com\google\zxing\core\3.5.2\core-3.5.2.jar
[DEBUG]  C:\Users\ADMIN\.m2\repository\com\google\zxing\javase\3.5.2\javase-3.5.2.jar
[DEBUG]  C:\Users\ADMIN\.m2\repository\com\beust\jcommander\1.82\jcommander-1.82.jar
[DEBUG]  C:\Users\ADMIN\.m2\repository\com\google\api-client\google-api-client\2.2.0\google-api-client-2.2.0.jar
[DEBUG]  C:\Users\ADMIN\.m2\repository\commons-codec\commons-codec\1.15\commons-codec-1.15.jar
[DEBUG]  C:\Users\ADMIN\.m2\repository\com\google\oauth-client\google-oauth-client\1.34.1\google-oauth-client-1.34.1.jar
[DEBUG]  C:\Users\ADMIN\.m2\repository\com\google\guava\guava\31.1-jre\guava-31.1-jre.jar
[DEBUG]  C:\Users\ADMIN\.m2\repository\com\google\guava\failureaccess\1.0.1\failureaccess-1.0.1.jar
[DEBUG]  C:\Users\ADMIN\.m2\repository\com\google\guava\listenablefuture\9999.0-empty-to-avoid-conflict-with-guava\listenablefuture-9999.0-empty-to-avoid-conflict-with-guava.jar
[DEBUG]  C:\Users\ADMIN\.m2\repository\com\google\code\findbugs\jsr305\3.0.2\jsr305-3.0.2.jar
[DEBUG]  C:\Users\ADMIN\.m2\repository\org\checkerframework\checker-qual\3.12.0\checker-qual-3.12.0.jar
[DEBUG]  C:\Users\ADMIN\.m2\repository\com\google\errorprone\error_prone_annotations\2.11.0\error_prone_annotations-2.11.0.jar
[DEBUG]  C:\Users\ADMIN\.m2\repository\com\google\j2objc\j2objc-annotations\1.3\j2objc-annotations-1.3.jar
[DEBUG]  C:\Users\ADMIN\.m2\repository\com\google\http-client\google-http-client-apache-v2\1.42.3\google-http-client-apache-v2-1.42.3.jar
[DEBUG]  C:\Users\ADMIN\.m2\repository\org\apache\httpcomponents\httpcore\4.4.16\httpcore-4.4.16.jar
[DEBUG]  C:\Users\ADMIN\.m2\repository\org\apache\httpcomponents\httpclient\4.5.14\httpclient-4.5.14.jar
[DEBUG]  C:\Users\ADMIN\.m2\repository\commons-logging\commons-logging\1.2\commons-logging-1.2.jar
[DEBUG]  C:\Users\ADMIN\.m2\repository\com\google\http-client\google-http-client\1.42.3\google-http-client-1.42.3.jar
[DEBUG]  C:\Users\ADMIN\.m2\repository\io\opencensus\opencensus-api\0.31.1\opencensus-api-0.31.1.jar
[DEBUG]  C:\Users\ADMIN\.m2\repository\io\grpc\grpc-context\1.27.2\grpc-context-1.27.2.jar
[DEBUG]  C:\Users\ADMIN\.m2\repository\io\opencensus\opencensus-contrib-http-util\0.31.1\opencensus-contrib-http-util-0.31.1.jar
[DEBUG]  C:\Users\ADMIN\.m2\repository\com\google\http-client\google-http-client-gson\1.43.3\google-http-client-gson-1.43.3.jar
[DEBUG]  C:\Users\ADMIN\.m2\repository\com\google\code\gson\gson\2.10.1\gson-2.10.1.jar
[DEBUG] Source roots:
[DEBUG]  C:\Users\ADMIN\Documents\GitHub\BTL---OOP---Group-10\src\main\java
[DEBUG]  C:\Users\ADMIN\Documents\GitHub\BTL---OOP---Group-10\target\generated-sources\annotations
[DEBUG] Command line options:
[DEBUG] -d C:\Users\ADMIN\Documents\GitHub\BTL---OOP---Group-10\target\classes -classpath C:\Users\ADMIN\Documents\GitHub\BTL---OOP---Group-10\target\classes;C:\Users\ADMIN\.m2\repository\org\openjfx\javafx-controls\21\javafx-controls-21.jar;C:\Users\ADMIN\.m2\repository\org\openjfx\javafx-controls\21\javafx-controls-21-win.jar;C:\Users\ADMIN\.m2\repository\org\openjfx\javafx-fxml\21\javafx-fxml-21.jar;C:\Users\ADMIN\.m2\repository\org\openjfx\javafx-fxml\21\javafx-fxml-21-win.jar;C:\Users\ADMIN\.m2\repository\org\openjfx\javafx-graphics\21\javafx-graphics-21.jar;C:\Users\ADMIN\.m2\repository\org\openjfx\javafx-graphics\21\javafx-graphics-21-win.jar;C:\Users\ADMIN\.m2\repository\org\openjfx\javafx-base\21\javafx-base-21.jar;C:\Users\ADMIN\.m2\repository\org\openjfx\javafx-base\21\javafx-base-21-win.jar;C:\Users\ADMIN\.m2\repository\org\openjfx\javafx-media\21\javafx-media-21.jar;C:\Users\ADMIN\.m2\repository\org\openjfx\javafx-media\21\javafx-media-21-win.jar;C:\Users\ADMIN\.m2\repository\org\openjfx\javafx-web\21\javafx-web-21.jar;C:\Users\ADMIN\.m2\repository\org\openjfx\javafx-web\21\javafx-web-21-win.jar;C:\Users\ADMIN\.m2\repository\org\json\json\20231013\json-20231013.jar;C:\Users\ADMIN\.m2\repository\com\google\zxing\core\3.5.2\core-3.5.2.jar;C:\Users\ADMIN\.m2\repository\com\google\zxing\javase\3.5.2\javase-3.5.2.jar;C:\Users\ADMIN\.m2\repository\com\beust\jcommander\1.82\jcommander-1.82.jar;C:\Users\ADMIN\.m2\repository\com\google\api-client\google-api-client\2.2.0\google-api-client-2.2.0.jar;C:\Users\ADMIN\.m2\repository\commons-codec\commons-codec\1.15\commons-codec-1.15.jar;C:\Users\ADMIN\.m2\repository\com\google\oauth-client\google-oauth-client\1.34.1\google-oauth-client-1.34.1.jar;C:\Users\ADMIN\.m2\repository\com\google\guava\guava\31.1-jre\guava-31.1-jre.jar;C:\Users\ADMIN\.m2\repository\com\google\guava\failureaccess\1.0.1\failureaccess-1.0.1.jar;C:\Users\ADMIN\.m2\repository\com\google\guava\listenablefuture\9999.0-empty-to-avoid-conflict-with-guava\listenablefuture-9999.0-empty-to-avoid-conflict-with-guava.jar;C:\Users\ADMIN\.m2\repository\com\google\code\findbugs\jsr305\3.0.2\jsr305-3.0.2.jar;C:\Users\ADMIN\.m2\repository\org\checkerframework\checker-qual\3.12.0\checker-qual-3.12.0.jar;C:\Users\ADMIN\.m2\repository\com\google\errorprone\error_prone_annotations\2.11.0\error_prone_annotations-2.11.0.jar;C:\Users\ADMIN\.m2\repository\com\google\j2objc\j2objc-annotations\1.3\j2objc-annotations-1.3.jar;C:\Users\ADMIN\.m2\repository\com\google\http-client\google-http-client-apache-v2\1.42.3\google-http-client-apache-v2-1.42.3.jar;C:\Users\ADMIN\.m2\repository\org\apache\httpcomponents\httpcore\4.4.16\httpcore-4.4.16.jar;C:\Users\ADMIN\.m2\repository\org\apache\httpcomponents\httpclient\4.5.14\httpclient-4.5.14.jar;C:\Users\ADMIN\.m2\repository\commons-logging\commons-logging\1.2\commons-logging-1.2.jar;C:\Users\ADMIN\.m2\repository\com\google\http-client\google-http-client\1.42.3\google-http-client-1.42.3.jar;C:\Users\ADMIN\.m2\repository\io\opencensus\opencensus-api\0.31.1\opencensus-api-0.31.1.jar;C:\Users\ADMIN\.m2\repository\io\grpc\grpc-context\1.27.2\grpc-context-1.27.2.jar;C:\Users\ADMIN\.m2\repository\io\opencensus\opencensus-contrib-http-util\0.31.1\opencensus-contrib-http-util-0.31.1.jar;C:\Users\ADMIN\.m2\repository\com\google\http-client\google-http-client-gson\1.43.3\google-http-client-gson-1.43.3.jar;C:\Users\ADMIN\.m2\repository\com\google\code\gson\gson\2.10.1\gson-2.10.1.jar; -sourcepath C:\Users\ADMIN\Documents\GitHub\BTL---OOP---Group-10\src\main\java;C:\Users\ADMIN\Documents\GitHub\BTL---OOP---Group-10\target\generated-sources\annotations; -s C:\Users\ADMIN\Documents\GitHub\BTL---OOP---Group-10\target\generated-sources\annotations -g -target 21 -source 21
[WARNING] File encoding has not been set, using platform encoding UTF-8, i.e. build is platform dependent!
[DEBUG] incrementalBuildHelper#beforeRebuildExecution
[INFO] Compiling 17 source files with javac [debug target 21] to target\classes
[DEBUG] incrementalBuildHelper#afterRebuildExecution
[INFO] 
[INFO] <<< javafx:0.0.8:run (default-cli) < process-classes @ LibraryManagement <<<
[INFO] 
[INFO] 
[INFO] --- javafx:0.0.8:run (default-cli) @ LibraryManagement ---
[DEBUG] Using mirror maven-default-http-blocker (http://0.0.0.0/) for repository.jboss.org (http://repository.jboss.org/maven2).
[DEBUG] Using mirror maven-default-http-blocker (http://0.0.0.0/) for snapshots.jboss.org (http://snapshots.jboss.org/maven2).
[DEBUG] Using mirror maven-default-http-blocker (http://0.0.0.0/) for oss.sonatype.org/jboss-snapshots (http://oss.sonatype.org/content/repositories/jboss-snapshots).
[DEBUG] Using mirror maven-default-http-blocker (http://0.0.0.0/) for ow2-snapshot (http://repository.ow2.org/nexus/content/repositories/snapshots).
[DEBUG] Using mirror maven-default-http-blocker (http://0.0.0.0/) for codehaus.snapshots (http://snapshots.repository.codehaus.org).
[DEBUG] Using mirror maven-default-http-blocker (http://0.0.0.0/) for codehaus-snapshots (http://nexus.codehaus.org/snapshots/).
[DEBUG] Dependency collection stats {ConflictMarker.analyzeTime=140000, ConflictMarker.markTime=216700, ConflictMarker.nodeCount=96, ConflictIdSorter.graphTime=129800, ConflictIdSorter.topsortTime=50800, ConflictIdSorter.conflictIdCount=48, ConflictIdSorter.conflictIdCycleCount=0, ConflictResolver.totalTime=2158800, ConflictResolver.conflictItemCount=94, DfDependencyCollector.collectTime=311063100, DfDependencyCollector.transformTime=2728100}
[DEBUG] org.openjfx:javafx-maven-plugin:jar:0.0.8
[DEBUG]    org.apache.maven:maven-plugin-api:jar:3.6.0:compile
[DEBUG]       org.apache.maven:maven-model:jar:3.6.0:compile
[DEBUG]       org.apache.maven:maven-artifact:jar:3.6.0:compile
[DEBUG]       org.eclipse.sisu:org.eclipse.sisu.plexus:jar:0.3.3:compile
[DEBUG]          javax.enterprise:cdi-api:jar:1.0:compile
[DEBUG]             javax.annotation:jsr250-api:jar:1.0:compile
[DEBUG]       org.codehaus.plexus:plexus-utils:jar:3.1.0:compile
[DEBUG]       org.codehaus.plexus:plexus-classworlds:jar:2.5.2:compile
[DEBUG]    org.codehaus.plexus:plexus-java:jar:0.9.11:compile
[DEBUG]       org.ow2.asm:asm:jar:7.0-beta:compile
[DEBUG]       com.thoughtworks.qdox:qdox:jar:2.0-M9:compile
[DEBUG]    org.codehaus.plexus:plexus-archiver:jar:3.6.0:compile
[DEBUG]       org.codehaus.plexus:plexus-io:jar:3.0.1:compile
[DEBUG]          commons-io:commons-io:jar:2.6:compile
[DEBUG]       org.apache.commons:commons-compress:jar:1.16.1:compile
[DEBUG]          org.objenesis:objenesis:jar:2.6:compile
[DEBUG]       org.iq80.snappy:snappy:jar:0.4:compile
[DEBUG]       org.tukaani:xz:jar:1.8:runtime
[DEBUG]    org.apache.commons:commons-exec:jar:1.3:compile
[DEBUG]    org.apache.maven:maven-core:jar:3.6.0:compile
[DEBUG]       org.apache.maven:maven-settings:jar:3.6.0:compile
[DEBUG]       org.apache.maven:maven-settings-builder:jar:3.6.0:compile
[DEBUG]          org.codehaus.plexus:plexus-interpolation:jar:1.25:compile
[DEBUG]          org.sonatype.plexus:plexus-sec-dispatcher:jar:1.4:compile
[DEBUG]             org.sonatype.plexus:plexus-cipher:jar:1.4:compile
[DEBUG]       org.apache.maven:maven-builder-support:jar:3.6.0:compile
[DEBUG]       org.apache.maven:maven-repository-metadata:jar:3.6.0:compile
[DEBUG]       org.apache.maven:maven-model-builder:jar:3.6.0:compile
[DEBUG]       org.apache.maven:maven-resolver-provider:jar:3.6.0:compile
[DEBUG]          org.slf4j:slf4j-api:jar:1.7.25:compile
[DEBUG]       org.apache.maven.resolver:maven-resolver-impl:jar:1.3.1:compile
[DEBUG]       org.apache.maven.resolver:maven-resolver-api:jar:1.3.1:compile
[DEBUG]       org.apache.maven.resolver:maven-resolver-spi:jar:1.3.1:compile
[DEBUG]       org.apache.maven.resolver:maven-resolver-util:jar:1.3.1:compile
[DEBUG]       org.apache.maven.shared:maven-shared-utils:jar:3.2.1:compile
[DEBUG]       org.eclipse.sisu:org.eclipse.sisu.inject:jar:0.3.3:compile
[DEBUG]       com.google.inject:guice:jar:no_aop:4.2.1:compile
[DEBUG]          aopalliance:aopalliance:jar:1.0:compile
[DEBUG]          com.google.guava:guava:jar:25.1-android:compile
[DEBUG]             com.google.code.findbugs:jsr305:jar:3.0.2:compile
[DEBUG]             org.checkerframework:checker-compat-qual:jar:2.0.0:compile
[DEBUG]             com.google.errorprone:error_prone_annotations:jar:2.1.3:compile
[DEBUG]             com.google.j2objc:j2objc-annotations:jar:1.1:compile
[DEBUG]             org.codehaus.mojo:animal-sniffer-annotations:jar:1.14:compile
[DEBUG]       javax.inject:javax.inject:jar:1:compile
[DEBUG]       org.codehaus.plexus:plexus-component-annotations:jar:1.7.1:compile
[DEBUG]       org.apache.commons:commons-lang3:jar:3.8.1:compile
[DEBUG] Created new class realm plugin>org.openjfx:javafx-maven-plugin:0.0.8
[DEBUG] Importing foreign packages into class realm plugin>org.openjfx:javafx-maven-plugin:0.0.8
[DEBUG]   Imported:  < maven.api
[DEBUG] Populating class realm plugin>org.openjfx:javafx-maven-plugin:0.0.8
[DEBUG]   Included: org.openjfx:javafx-maven-plugin:jar:0.0.8
[DEBUG]   Included: javax.enterprise:cdi-api:jar:1.0
[DEBUG]   Included: javax.annotation:jsr250-api:jar:1.0
[DEBUG]   Included: org.codehaus.plexus:plexus-utils:jar:3.1.0
[DEBUG]   Included: org.codehaus.plexus:plexus-java:jar:0.9.11
[DEBUG]   Included: org.ow2.asm:asm:jar:7.0-beta
[DEBUG]   Included: com.thoughtworks.qdox:qdox:jar:2.0-M9
[DEBUG]   Included: org.codehaus.plexus:plexus-archiver:jar:3.6.0
[DEBUG]   Included: org.codehaus.plexus:plexus-io:jar:3.0.1
[DEBUG]   Included: commons-io:commons-io:jar:2.6
[DEBUG]   Included: org.apache.commons:commons-compress:jar:1.16.1
[DEBUG]   Included: org.objenesis:objenesis:jar:2.6
[DEBUG]   Included: org.iq80.snappy:snappy:jar:0.4
[DEBUG]   Included: org.tukaani:xz:jar:1.8
[DEBUG]   Included: org.apache.commons:commons-exec:jar:1.3
[DEBUG]   Included: org.codehaus.plexus:plexus-interpolation:jar:1.25
[DEBUG]   Included: org.sonatype.plexus:plexus-sec-dispatcher:jar:1.4
[DEBUG]   Included: org.sonatype.plexus:plexus-cipher:jar:1.4
[DEBUG]   Included: org.apache.maven:maven-builder-support:jar:3.6.0
[DEBUG]   Included: org.apache.maven.shared:maven-shared-utils:jar:3.2.1
[DEBUG]   Included: org.eclipse.sisu:org.eclipse.sisu.inject:jar:0.3.3
[DEBUG]   Included: com.google.inject:guice:jar:no_aop:4.2.1
[DEBUG]   Included: aopalliance:aopalliance:jar:1.0
[DEBUG]   Included: com.google.guava:guava:jar:25.1-android
[DEBUG]   Included: com.google.code.findbugs:jsr305:jar:3.0.2
[DEBUG]   Included: org.checkerframework:checker-compat-qual:jar:2.0.0
[DEBUG]   Included: com.google.errorprone:error_prone_annotations:jar:2.1.3
[DEBUG]   Included: com.google.j2objc:j2objc-annotations:jar:1.1
[DEBUG]   Included: org.codehaus.mojo:animal-sniffer-annotations:jar:1.14
[DEBUG]   Included: org.codehaus.plexus:plexus-component-annotations:jar:1.7.1
[DEBUG]   Included: org.apache.commons:commons-lang3:jar:3.8.1
[DEBUG] Loading mojo org.openjfx:javafx-maven-plugin:0.0.8:run from plugin realm ClassRealm[plugin>org.openjfx:javafx-maven-plugin:0.0.8, parent: jdk.internal.loader.ClassLoaders$AppClassLoader@70dea4e]
[DEBUG] Configuring mojo execution 'org.openjfx:javafx-maven-plugin:0.0.8:run:default-cli' with basic configurator -->
[DEBUG]   (f) async = false
[DEBUG]   (f) asyncDestroyOnShutdown = true
[DEBUG]   (f) basedir = C:\Users\ADMIN\Documents\GitHub\BTL---OOP---Group-10
[DEBUG]   (f) builddir = C:\Users\ADMIN\Documents\GitHub\BTL---OOP---Group-10\target
[DEBUG]   (f) compilePath = [C:\Users\ADMIN\Documents\GitHub\BTL---OOP---Group-10\target\classes, C:\Users\ADMIN\.m2\repository\org\openjfx\javafx-controls\21\javafx-controls-21.jar, C:\Users\ADMIN\.m2\repository\org\openjfx\javafx-controls\21\javafx-controls-21-win.jar, C:\Users\ADMIN\.m2\repository\org\openjfx\javafx-fxml\21\javafx-fxml-21.jar, C:\Users\ADMIN\.m2\repository\org\openjfx\javafx-fxml\21\javafx-fxml-21-win.jar, C:\Users\ADMIN\.m2\repository\org\openjfx\javafx-graphics\21\javafx-graphics-21.jar, C:\Users\ADMIN\.m2\repository\org\openjfx\javafx-graphics\21\javafx-graphics-21-win.jar, C:\Users\ADMIN\.m2\repository\org\openjfx\javafx-base\21\javafx-base-21.jar, C:\Users\ADMIN\.m2\repository\org\openjfx\javafx-base\21\javafx-base-21-win.jar, C:\Users\ADMIN\.m2\repository\org\openjfx\javafx-media\21\javafx-media-21.jar, C:\Users\ADMIN\.m2\repository\org\openjfx\javafx-media\21\javafx-media-21-win.jar, C:\Users\ADMIN\.m2\repository\org\openjfx\javafx-web\21\javafx-web-21.jar, C:\Users\ADMIN\.m2\repository\org\openjfx\javafx-web\21\javafx-web-21-win.jar, C:\Users\ADMIN\.m2\repository\org\json\json\20231013\json-20231013.jar, C:\Users\ADMIN\.m2\repository\com\google\zxing\core\3.5.2\core-3.5.2.jar, C:\Users\ADMIN\.m2\repository\com\google\zxing\javase\3.5.2\javase-3.5.2.jar, C:\Users\ADMIN\.m2\repository\com\beust\jcommander\1.82\jcommander-1.82.jar, C:\Users\ADMIN\.m2\repository\com\google\api-client\google-api-client\2.2.0\google-api-client-2.2.0.jar, C:\Users\ADMIN\.m2\repository\commons-codec\commons-codec\1.15\commons-codec-1.15.jar, C:\Users\ADMIN\.m2\repository\com\google\oauth-client\google-oauth-client\1.34.1\google-oauth-client-1.34.1.jar, C:\Users\ADMIN\.m2\repository\com\google\guava\guava\31.1-jre\guava-31.1-jre.jar, C:\Users\ADMIN\.m2\repository\com\google\guava\failureaccess\1.0.1\failureaccess-1.0.1.jar, C:\Users\ADMIN\.m2\repository\com\google\guava\listenablefuture\9999.0-empty-to-avoid-conflict-with-guava\listenablefuture-9999.0-empty-to-avoid-conflict-with-guava.jar, C:\Users\ADMIN\.m2\repository\com\google\code\findbugs\jsr305\3.0.2\jsr305-3.0.2.jar, C:\Users\ADMIN\.m2\repository\org\checkerframework\checker-qual\3.12.0\checker-qual-3.12.0.jar, C:\Users\ADMIN\.m2\repository\com\google\errorprone\error_prone_annotations\2.11.0\error_prone_annotations-2.11.0.jar, C:\Users\ADMIN\.m2\repository\com\google\j2objc\j2objc-annotations\1.3\j2objc-annotations-1.3.jar, C:\Users\ADMIN\.m2\repository\com\google\http-client\google-http-client-apache-v2\1.42.3\google-http-client-apache-v2-1.42.3.jar, C:\Users\ADMIN\.m2\repository\org\apache\httpcomponents\httpcore\4.4.16\httpcore-4.4.16.jar, C:\Users\ADMIN\.m2\repository\org\apache\httpcomponents\httpclient\4.5.14\httpclient-4.5.14.jar, C:\Users\ADMIN\.m2\repository\commons-logging\commons-logging\1.2\commons-logging-1.2.jar, C:\Users\ADMIN\.m2\repository\com\google\http-client\google-http-client\1.42.3\google-http-client-1.42.3.jar, C:\Users\ADMIN\.m2\repository\io\opencensus\opencensus-api\0.31.1\opencensus-api-0.31.1.jar, C:\Users\ADMIN\.m2\repository\io\grpc\grpc-context\1.27.2\grpc-context-1.27.2.jar, C:\Users\ADMIN\.m2\repository\io\opencensus\opencensus-contrib-http-util\0.31.1\opencensus-contrib-http-util-0.31.1.jar, C:\Users\ADMIN\.m2\repository\com\google\http-client\google-http-client-gson\1.43.3\google-http-client-gson-1.43.3.jar, C:\Users\ADMIN\.m2\repository\com\google\code\gson\gson\2.10.1\gson-2.10.1.jar]
[DEBUG]   (f) executable = java
[DEBUG]   (f) includePathExceptionsInClasspath = false
[DEBUG]   (f) mainClass = org.example.Main
[DEBUG]   (f) project = MavenProject: org.example:LibraryManagement:1.0-SNAPSHOT @ C:\Users\ADMIN\Documents\GitHub\BTL---OOP---Group-10\pom.xml
[DEBUG]   (f) session = org.apache.maven.execution.MavenSession@68d651f2
[DEBUG]   (f) skip = false
[DEBUG] -- end configuration --
[DEBUG] Executable [C:\Program Files\Java\jdk-21\bin\java.exe]
[DEBUG] Total dependencyArtifacts: 38
[DEBUG] module descriptor path: null
[DEBUG] Classpath:26
[DEBUG]  C:\Users\ADMIN\Documents\GitHub\BTL---OOP---Group-10\target\classes
[DEBUG]  C:\Users\ADMIN\.m2\repository\com\beust\jcommander\1.82\jcommander-1.82.jar
[DEBUG]  C:\Users\ADMIN\.m2\repository\com\github\jai-imageio\jai-imageio-core\1.4.0\jai-imageio-core-1.4.0.jar
[DEBUG]  C:\Users\ADMIN\.m2\repository\com\google\api-client\google-api-client\2.2.0\google-api-client-2.2.0.jar
[DEBUG]  C:\Users\ADMIN\.m2\repository\com\google\code\findbugs\jsr305\3.0.2\jsr305-3.0.2.jar
[DEBUG]  C:\Users\ADMIN\.m2\repository\com\google\code\gson\gson\2.10.1\gson-2.10.1.jar
[DEBUG]  C:\Users\ADMIN\.m2\repository\com\google\errorprone\error_prone_annotations\2.11.0\error_prone_annotations-2.11.0.jar
[DEBUG]  C:\Users\ADMIN\.m2\repository\com\google\guava\failureaccess\1.0.1\failureaccess-1.0.1.jar
[DEBUG]  C:\Users\ADMIN\.m2\repository\com\google\guava\guava\31.1-jre\guava-31.1-jre.jar
[DEBUG]  C:\Users\ADMIN\.m2\repository\com\google\guava\listenablefuture\9999.0-empty-to-avoid-conflict-with-guava\listenablefuture-9999.0-empty-to-avoid-conflict-with-guava.jar
[DEBUG]  C:\Users\ADMIN\.m2\repository\com\google\http-client\google-http-client\1.42.3\google-http-client-1.42.3.jar
[DEBUG]  C:\Users\ADMIN\.m2\repository\com\google\http-client\google-http-client-apache-v2\1.42.3\google-http-client-apache-v2-1.42.3.jar
[DEBUG]  C:\Users\ADMIN\.m2\repository\com\google\http-client\google-http-client-gson\1.43.3\google-http-client-gson-1.43.3.jar
[DEBUG]  C:\Users\ADMIN\.m2\repository\com\google\j2objc\j2objc-annotations\1.3\j2objc-annotations-1.3.jar
[DEBUG]  C:\Users\ADMIN\.m2\repository\com\google\oauth-client\google-oauth-client\1.34.1\google-oauth-client-1.34.1.jar
[DEBUG]  C:\Users\ADMIN\.m2\repository\com\google\zxing\core\3.5.2\core-3.5.2.jar
[DEBUG]  C:\Users\ADMIN\.m2\repository\com\google\zxing\javase\3.5.2\javase-3.5.2.jar
[DEBUG]  C:\Users\ADMIN\.m2\repository\commons-codec\commons-codec\1.15\commons-codec-1.15.jar
[DEBUG]  C:\Users\ADMIN\.m2\repository\commons-logging\commons-logging\1.2\commons-logging-1.2.jar
[DEBUG]  C:\Users\ADMIN\.m2\repository\io\grpc\grpc-context\1.27.2\grpc-context-1.27.2.jar
[DEBUG]  C:\Users\ADMIN\.m2\repository\io\opencensus\opencensus-api\0.31.1\opencensus-api-0.31.1.jar
[DEBUG]  C:\Users\ADMIN\.m2\repository\io\opencensus\opencensus-contrib-http-util\0.31.1\opencensus-contrib-http-util-0.31.1.jar
[DEBUG]  C:\Users\ADMIN\.m2\repository\org\apache\httpcomponents\httpclient\4.5.14\httpclient-4.5.14.jar
[DEBUG]  C:\Users\ADMIN\.m2\repository\org\apache\httpcomponents\httpcore\4.4.16\httpcore-4.4.16.jar
[DEBUG]  C:\Users\ADMIN\.m2\repository\org\checkerframework\checker-qual\3.12.0\checker-qual-3.12.0.jar
[DEBUG]  C:\Users\ADMIN\.m2\repository\org\json\json\20231013\json-20231013.jar
[DEBUG] Modulepath: 12
[DEBUG]  C:\Users\ADMIN\.m2\repository\org\openjfx\javafx-base\21\javafx-base-21-win.jar
[DEBUG]  C:\Users\ADMIN\.m2\repository\org\openjfx\javafx-base\21\javafx-base-21.jar
[DEBUG]  C:\Users\ADMIN\.m2\repository\org\openjfx\javafx-controls\21\javafx-controls-21-win.jar
[DEBUG]  C:\Users\ADMIN\.m2\repository\org\openjfx\javafx-controls\21\javafx-controls-21.jar
[DEBUG]  C:\Users\ADMIN\.m2\repository\org\openjfx\javafx-fxml\21\javafx-fxml-21-win.jar
[DEBUG]  C:\Users\ADMIN\.m2\repository\org\openjfx\javafx-fxml\21\javafx-fxml-21.jar
[DEBUG]  C:\Users\ADMIN\.m2\repository\org\openjfx\javafx-graphics\21\javafx-graphics-21-win.jar
[DEBUG]  C:\Users\ADMIN\.m2\repository\org\openjfx\javafx-graphics\21\javafx-graphics-21.jar
[DEBUG]  C:\Users\ADMIN\.m2\repository\org\openjfx\javafx-media\21\javafx-media-21-win.jar
[DEBUG]  C:\Users\ADMIN\.m2\repository\org\openjfx\javafx-media\21\javafx-media-21.jar
[DEBUG]  C:\Users\ADMIN\.m2\repository\org\openjfx\javafx-web\21\javafx-web-21-win.jar
[DEBUG]  C:\Users\ADMIN\.m2\repository\org\openjfx\javafx-web\21\javafx-web-21.jar
[DEBUG] pathElements: 38
[DEBUG]  C:\Users\ADMIN\Documents\GitHub\BTL---OOP---Group-10\target\classes :: null
[DEBUG]  C:\Users\ADMIN\.m2\repository\com\beust\jcommander\1.82\jcommander-1.82.jar :: jcommander
[DEBUG]  C:\Users\ADMIN\.m2\repository\com\github\jai-imageio\jai-imageio-core\1.4.0\jai-imageio-core-1.4.0.jar :: jai.imageio.core
[DEBUG]  C:\Users\ADMIN\.m2\repository\com\google\api-client\google-api-client\2.2.0\google-api-client-2.2.0.jar :: google.api.client
[DEBUG]  C:\Users\ADMIN\.m2\repository\com\google\code\findbugs\jsr305\3.0.2\jsr305-3.0.2.jar :: jsr305
[DEBUG]  C:\Users\ADMIN\.m2\repository\com\google\code\gson\gson\2.10.1\gson-2.10.1.jar :: com.google.gson
[DEBUG]  C:\Users\ADMIN\.m2\repository\com\google\errorprone\error_prone_annotations\2.11.0\error_prone_annotations-2.11.0.jar :: com.google.errorprone.annotations
[DEBUG]  C:\Users\ADMIN\.m2\repository\com\google\guava\failureaccess\1.0.1\failureaccess-1.0.1.jar :: failureaccess
[DEBUG]  C:\Users\ADMIN\.m2\repository\com\google\guava\guava\31.1-jre\guava-31.1-jre.jar :: com.google.common
[DEBUG]  C:\Users\ADMIN\.m2\repository\com\google\guava\listenablefuture\9999.0-empty-to-avoid-conflict-with-guava\listenablefuture-9999.0-empty-to-avoid-conflict-with-guava.jar :: listenablefuture
[DEBUG]  C:\Users\ADMIN\.m2\repository\com\google\http-client\google-http-client\1.42.3\google-http-client-1.42.3.jar :: com.google.api.client
[DEBUG]  C:\Users\ADMIN\.m2\repository\com\google\http-client\google-http-client-apache-v2\1.42.3\google-http-client-apache-v2-1.42.3.jar :: com.google.api.client.http.apache.v2
[DEBUG]  C:\Users\ADMIN\.m2\repository\com\google\http-client\google-http-client-gson\1.43.3\google-http-client-gson-1.43.3.jar :: com.google.api.client.json.gson
[DEBUG]  C:\Users\ADMIN\.m2\repository\com\google\j2objc\j2objc-annotations\1.3\j2objc-annotations-1.3.jar :: j2objc.annotations
[DEBUG]  C:\Users\ADMIN\.m2\repository\com\google\oauth-client\google-oauth-client\1.34.1\google-oauth-client-1.34.1.jar :: com.google.api.client.auth
[DEBUG]  C:\Users\ADMIN\.m2\repository\com\google\zxing\core\3.5.2\core-3.5.2.jar :: com.google.zxing
[DEBUG]  C:\Users\ADMIN\.m2\repository\com\google\zxing\javase\3.5.2\javase-3.5.2.jar :: com.google.zxing.javase
[DEBUG]  C:\Users\ADMIN\.m2\repository\commons-codec\commons-codec\1.15\commons-codec-1.15.jar :: org.apache.commons.codec
[DEBUG]  C:\Users\ADMIN\.m2\repository\commons-logging\commons-logging\1.2\commons-logging-1.2.jar :: commons.logging
[DEBUG]  C:\Users\ADMIN\.m2\repository\io\grpc\grpc-context\1.27.2\grpc-context-1.27.2.jar :: grpc.context
[DEBUG]  C:\Users\ADMIN\.m2\repository\io\opencensus\opencensus-api\0.31.1\opencensus-api-0.31.1.jar :: opencensus.api
[DEBUG]  C:\Users\ADMIN\.m2\repository\io\opencensus\opencensus-contrib-http-util\0.31.1\opencensus-contrib-http-util-0.31.1.jar :: opencensus.contrib.http.util
[DEBUG]  C:\Users\ADMIN\.m2\repository\org\apache\httpcomponents\httpclient\4.5.14\httpclient-4.5.14.jar :: org.apache.httpcomponents.httpclient
[DEBUG]  C:\Users\ADMIN\.m2\repository\org\apache\httpcomponents\httpcore\4.4.16\httpcore-4.4.16.jar :: org.apache.httpcomponents.httpcore
[DEBUG]  C:\Users\ADMIN\.m2\repository\org\checkerframework\checker-qual\3.12.0\checker-qual-3.12.0.jar :: org.checkerframework.checker.qual
[DEBUG]  C:\Users\ADMIN\.m2\repository\org\json\json\20231013\json-20231013.jar :: org.json
[DEBUG]  C:\Users\ADMIN\.m2\repository\org\openjfx\javafx-base\21\javafx-base-21-win.jar :: javafx.base
[DEBUG]  C:\Users\ADMIN\.m2\repository\org\openjfx\javafx-base\21\javafx-base-21.jar :: javafx.baseEmpty
[DEBUG]  C:\Users\ADMIN\.m2\repository\org\openjfx\javafx-controls\21\javafx-controls-21-win.jar :: javafx.controls
[DEBUG]  C:\Users\ADMIN\.m2\repository\org\openjfx\javafx-controls\21\javafx-controls-21.jar :: javafx.controlsEmpty
[DEBUG]  C:\Users\ADMIN\.m2\repository\org\openjfx\javafx-fxml\21\javafx-fxml-21-win.jar :: javafx.fxml
[DEBUG]  C:\Users\ADMIN\.m2\repository\org\openjfx\javafx-fxml\21\javafx-fxml-21.jar :: javafx.fxmlEmpty
[DEBUG]  C:\Users\ADMIN\.m2\repository\org\openjfx\javafx-graphics\21\javafx-graphics-21-win.jar :: javafx.graphics
[DEBUG]  C:\Users\ADMIN\.m2\repository\org\openjfx\javafx-graphics\21\javafx-graphics-21.jar :: javafx.graphicsEmpty
[DEBUG]  C:\Users\ADMIN\.m2\repository\org\openjfx\javafx-media\21\javafx-media-21-win.jar :: javafx.media
[DEBUG]  C:\Users\ADMIN\.m2\repository\org\openjfx\javafx-media\21\javafx-media-21.jar :: javafx.mediaEmpty
[DEBUG]  C:\Users\ADMIN\.m2\repository\org\openjfx\javafx-web\21\javafx-web-21-win.jar :: javafx.web
[DEBUG]  C:\Users\ADMIN\.m2\repository\org\openjfx\javafx-web\21\javafx-web-21.jar :: javafx.webEmpty
[DEBUG] Executing command line: [C:\Program Files\Java\jdk-21\bin\java.exe, --module-path, C:\Users\ADMIN\.m2\repository\org\openjfx\javafx-base\21\javafx-base-21-win.jar;C:\Users\ADMIN\.m2\repository\org\openjfx\javafx-base\21\javafx-base-21.jar;C:\Users\ADMIN\.m2\repository\org\openjfx\javafx-controls\21\javafx-controls-21-win.jar;C:\Users\ADMIN\.m2\repository\org\openjfx\javafx-controls\21\javafx-controls-21.jar;C:\Users\ADMIN\.m2\repository\org\openjfx\javafx-fxml\21\javafx-fxml-21-win.jar;C:\Users\ADMIN\.m2\repository\org\openjfx\javafx-fxml\21\javafx-fxml-21.jar;C:\Users\ADMIN\.m2\repository\org\openjfx\javafx-graphics\21\javafx-graphics-21-win.jar;C:\Users\ADMIN\.m2\repository\org\openjfx\javafx-graphics\21\javafx-graphics-21.jar;C:\Users\ADMIN\.m2\repository\org\openjfx\javafx-media\21\javafx-media-21-win.jar;C:\Users\ADMIN\.m2\repository\org\openjfx\javafx-media\21\javafx-media-21.jar;C:\Users\ADMIN\.m2\repository\org\openjfx\javafx-web\21\javafx-web-21-win.jar;C:\Users\ADMIN\.m2\repository\org\openjfx\javafx-web\21\javafx-web-21.jar, --add-modules, javafx.base,javafx.controls,javafx.fxml,javafx.graphics,javafx.media,javafx.web, -classpath, C:\Users\ADMIN\Documents\GitHub\BTL---OOP---Group-10\target\classes;C:\Users\ADMIN\.m2\repository\com\beust\jcommander\1.82\jcommander-1.82.jar;C:\Users\ADMIN\.m2\repository\com\github\jai-imageio\jai-imageio-core\1.4.0\jai-imageio-core-1.4.0.jar;C:\Users\ADMIN\.m2\repository\com\google\api-client\google-api-client\2.2.0\google-api-client-2.2.0.jar;C:\Users\ADMIN\.m2\repository\com\google\code\findbugs\jsr305\3.0.2\jsr305-3.0.2.jar;C:\Users\ADMIN\.m2\repository\com\google\code\gson\gson\2.10.1\gson-2.10.1.jar;C:\Users\ADMIN\.m2\repository\com\google\errorprone\error_prone_annotations\2.11.0\error_prone_annotations-2.11.0.jar;C:\Users\ADMIN\.m2\repository\com\google\guava\failureaccess\1.0.1\failureaccess-1.0.1.jar;C:\Users\ADMIN\.m2\repository\com\google\guava\guava\31.1-jre\guava-31.1-jre.jar;C:\Users\ADMIN\.m2\repository\com\google\guava\listenablefuture\9999.0-empty-to-avoid-conflict-with-guava\listenablefuture-9999.0-empty-to-avoid-conflict-with-guava.jar;C:\Users\ADMIN\.m2\repository\com\google\http-client\google-http-client\1.42.3\google-http-client-1.42.3.jar;C:\Users\ADMIN\.m2\repository\com\google\http-client\google-http-client-apache-v2\1.42.3\google-http-client-apache-v2-1.42.3.jar;C:\Users\ADMIN\.m2\repository\com\google\http-client\google-http-client-gson\1.43.3\google-http-client-gson-1.43.3.jar;C:\Users\ADMIN\.m2\repository\com\google\j2objc\j2objc-annotations\1.3\j2objc-annotations-1.3.jar;C:\Users\ADMIN\.m2\repository\com\google\oauth-client\google-oauth-client\1.34.1\google-oauth-client-1.34.1.jar;C:\Users\ADMIN\.m2\repository\com\google\zxing\core\3.5.2\core-3.5.2.jar;C:\Users\ADMIN\.m2\repository\com\google\zxing\javase\3.5.2\javase-3.5.2.jar;C:\Users\ADMIN\.m2\repository\commons-codec\commons-codec\1.15\commons-codec-1.15.jar;C:\Users\ADMIN\.m2\repository\commons-logging\commons-logging\1.2\commons-logging-1.2.jar;C:\Users\ADMIN\.m2\repository\io\grpc\grpc-context\1.27.2\grpc-context-1.27.2.jar;C:\Users\ADMIN\.m2\repository\io\opencensus\opencensus-api\0.31.1\opencensus-api-0.31.1.jar;C:\Users\ADMIN\.m2\repository\io\opencensus\opencensus-contrib-http-util\0.31.1\opencensus-contrib-http-util-0.31.1.jar;C:\Users\ADMIN\.m2\repository\org\apache\httpcomponents\httpclient\4.5.14\httpclient-4.5.14.jar;C:\Users\ADMIN\.m2\repository\org\apache\httpcomponents\httpcore\4.4.16\httpcore-4.4.16.jar;C:\Users\ADMIN\.m2\repository\org\checkerframework\checker-qual\3.12.0\checker-qual-3.12.0.jar;C:\Users\ADMIN\.m2\repository\org\json\json\20231013\json-20231013.jar, org.example.Main]
Exception in Application start method
java.lang.reflect.InvocationTargetException
	at java.base/jdk.internal.reflect.DirectMethodHandleAccessor.invoke(DirectMethodHandleAccessor.java:118)
	at java.base/java.lang.reflect.Method.invoke(Method.java:580)
	at javafx.graphics@21/com.sun.javafx.application.LauncherImpl.launchApplicationWithArgs(LauncherImpl.java:464)
	at javafx.graphics@21/com.sun.javafx.application.LauncherImpl.launchApplication(LauncherImpl.java:364)
	at java.base/jdk.internal.reflect.DirectMethodHandleAccessor.invoke(DirectMethodHandleAccessor.java:103)
	at java.base/java.lang.reflect.Method.invoke(Method.java:580)
	at java.base/sun.launcher.LauncherHelper$FXHelper.main(LauncherHelper.java:1149)
Caused by: java.lang.RuntimeException: Exception in Application start method
	at javafx.graphics@21/com.sun.javafx.application.LauncherImpl.launchApplication1(LauncherImpl.java:893)
	at javafx.graphics@21/com.sun.javafx.application.LauncherImpl.lambda$launchApplication$2(LauncherImpl.java:196)
	at java.base/java.lang.Thread.run(Thread.java:1583)
Caused by: java.lang.IllegalStateException: Location is not set.
	at javafx.fxml@21/javafx.fxml.FXMLLoader.loadImpl(FXMLLoader.java:2556)
	at javafx.fxml@21/javafx.fxml.FXMLLoader.load(FXMLLoader.java:2531)
	at org.example.Main.start(Main.java:15)
	at javafx.graphics@21/com.sun.javafx.application.LauncherImpl.lambda$launchApplication1$9(LauncherImpl.java:839)
	at javafx.graphics@21/com.sun.javafx.application.PlatformImpl.lambda$runAndWait$12(PlatformImpl.java:483)
	at javafx.graphics@21/com.sun.javafx.application.PlatformImpl.lambda$runLater$10(PlatformImpl.java:456)
	at java.base/java.security.AccessController.doPrivileged(AccessController.java:400)
	at javafx.graphics@21/com.sun.javafx.application.PlatformImpl.lambda$runLater$11(PlatformImpl.java:455)
	at javafx.graphics@21/com.sun.glass.ui.InvokeLaterDispatcher$Future.run(InvokeLaterDispatcher.java:95)
	at javafx.graphics@21/com.sun.glass.ui.win.WinApplication._runLoop(Native Method)
	at javafx.graphics@21/com.sun.glass.ui.win.WinApplication.lambda$runLoop$3(WinApplication.java:185)
	... 1 more
Exception running application org.example.Main
[ERROR] Command execution failed.
org.apache.commons.exec.ExecuteException: Process exited with an error: 1 (Exit value: 1)
    at org.apache.commons.exec.DefaultExecutor.executeInternal (DefaultExecutor.java:404)
    at org.apache.commons.exec.DefaultExecutor.execute (DefaultExecutor.java:166)
    at org.openjfx.JavaFXBaseMojo.executeCommandLine (JavaFXBaseMojo.java:567)
    at org.openjfx.JavaFXBaseMojo.executeCommandLine (JavaFXBaseMojo.java:434)
    at org.openjfx.JavaFXRunMojo.execute (JavaFXRunMojo.java:105)
    at org.apache.maven.plugin.DefaultBuildPluginManager.executeMojo (DefaultBuildPluginManager.java:126)
    at org.apache.maven.lifecycle.internal.MojoExecutor.doExecute2 (MojoExecutor.java:328)
    at org.apache.maven.lifecycle.internal.MojoExecutor.doExecute (MojoExecutor.java:316)
    at org.apache.maven.lifecycle.internal.MojoExecutor.execute (MojoExecutor.java:212)
    at org.apache.maven.lifecycle.internal.MojoExecutor.execute (MojoExecutor.java:174)
    at org.apache.maven.lifecycle.internal.MojoExecutor.access$000 (MojoExecutor.java:75)
    at org.apache.maven.lifecycle.internal.MojoExecutor$1.run (MojoExecutor.java:162)
    at org.apache.maven.plugin.DefaultMojosExecutionStrategy.execute (DefaultMojosExecutionStrategy.java:39)
    at org.apache.maven.lifecycle.internal.MojoExecutor.execute (MojoExecutor.java:159)
    at org.apache.maven.lifecycle.internal.LifecycleModuleBuilder.buildProject (LifecycleModuleBuilder.java:105)
    at org.apache.maven.lifecycle.internal.LifecycleModuleBuilder.buildProject (LifecycleModuleBuilder.java:73)
    at org.apache.maven.lifecycle.internal.builder.singlethreaded.SingleThreadedBuilder.build (SingleThreadedBuilder.java:53)
    at org.apache.maven.lifecycle.internal.LifecycleStarter.execute (LifecycleStarter.java:118)
    at org.apache.maven.DefaultMaven.doExecute (DefaultMaven.java:261)
    at org.apache.maven.DefaultMaven.doExecute (DefaultMaven.java:173)
    at org.apache.maven.DefaultMaven.execute (DefaultMaven.java:101)
    at org.apache.maven.cli.MavenCli.execute (MavenCli.java:906)
    at org.apache.maven.cli.MavenCli.doMain (MavenCli.java:283)
    at org.apache.maven.cli.MavenCli.main (MavenCli.java:206)
    at jdk.internal.reflect.DirectMethodHandleAccessor.invoke (DirectMethodHandleAccessor.java:103)
    at java.lang.reflect.Method.invoke (Method.java:580)
    at org.codehaus.plexus.classworlds.launcher.Launcher.launchEnhanced (Launcher.java:255)
    at org.codehaus.plexus.classworlds.launcher.Launcher.launch (Launcher.java:201)
    at org.codehaus.plexus.classworlds.launcher.Launcher.mainWithExitCode (Launcher.java:361)
    at org.codehaus.plexus.classworlds.launcher.Launcher.main (Launcher.java:314)
org.apache.commons.exec.ExecuteException: Process exited with an error: 1 (Exit value: 1)
	at org.apache.commons.exec.DefaultExecutor.executeInternal(DefaultExecutor.java:404)
	at org.apache.commons.exec.DefaultExecutor.execute(DefaultExecutor.java:166)
	at org.openjfx.JavaFXBaseMojo.executeCommandLine(JavaFXBaseMojo.java:567)
	at org.openjfx.JavaFXBaseMojo.executeCommandLine(JavaFXBaseMojo.java:434)
	at org.openjfx.JavaFXRunMojo.execute(JavaFXRunMojo.java:105)
	at org.apache.maven.plugin.DefaultBuildPluginManager.executeMojo(DefaultBuildPluginManager.java:126)
	at org.apache.maven.lifecycle.internal.MojoExecutor.doExecute2(MojoExecutor.java:328)
	at org.apache.maven.lifecycle.internal.MojoExecutor.doExecute(MojoExecutor.java:316)
	at org.apache.maven.lifecycle.internal.MojoExecutor.execute(MojoExecutor.java:212)
	at org.apache.maven.lifecycle.internal.MojoExecutor.execute(MojoExecutor.java:174)
	at org.apache.maven.lifecycle.internal.MojoExecutor.access$000(MojoExecutor.java:75)
	at org.apache.maven.lifecycle.internal.MojoExecutor$1.run(MojoExecutor.java:162)
	at org.apache.maven.plugin.DefaultMojosExecutionStrategy.execute(DefaultMojosExecutionStrategy.java:39)
	at org.apache.maven.lifecycle.internal.MojoExecutor.execute(MojoExecutor.java:159)
	at org.apache.maven.lifecycle.internal.LifecycleModuleBuilder.buildProject(LifecycleModuleBuilder.java:105)
	at org.apache.maven.lifecycle.internal.LifecycleModuleBuilder.buildProject(LifecycleModuleBuilder.java:73)
	at org.apache.maven.lifecycle.internal.builder.singlethreaded.SingleThreadedBuilder.build(SingleThreadedBuilder.java:53)
	at org.apache.maven.lifecycle.internal.LifecycleStarter.execute(LifecycleStarter.java:118)
	at org.apache.maven.DefaultMaven.doExecute(DefaultMaven.java:261)
	at org.apache.maven.DefaultMaven.doExecute(DefaultMaven.java:173)
	at org.apache.maven.DefaultMaven.execute(DefaultMaven.java:101)
	at org.apache.maven.cli.MavenCli.execute(MavenCli.java:906)
	at org.apache.maven.cli.MavenCli.doMain(MavenCli.java:283)
	at org.apache.maven.cli.MavenCli.main(MavenCli.java:206)
	at java.base/jdk.internal.reflect.DirectMethodHandleAccessor.invoke(DirectMethodHandleAccessor.java:103)
	at java.base/java.lang.reflect.Method.invoke(Method.java:580)
	at org.codehaus.plexus.classworlds.launcher.Launcher.launchEnhanced(Launcher.java:255)
	at org.codehaus.plexus.classworlds.launcher.Launcher.launch(Launcher.java:201)
	at org.codehaus.plexus.classworlds.launcher.Launcher.mainWithExitCode(Launcher.java:361)
	at org.codehaus.plexus.classworlds.launcher.Launcher.main(Launcher.java:314)
[INFO] ------------------------------------------------------------------------
[INFO] BUILD FAILURE
[INFO] ------------------------------------------------------------------------
[INFO] Total time:  4.197 s
[INFO] Finished at: 2025-03-18T20:47:02+07:00
[INFO] ------------------------------------------------------------------------
[ERROR] Failed to execute goal org.openjfx:javafx-maven-plugin:0.0.8:run (default-cli) on project LibraryManagement: Error: Command execution failed. Process exited with an error: 1 (Exit value: 1) -> [Help 1]
org.apache.maven.lifecycle.LifecycleExecutionException: Failed to execute goal org.openjfx:javafx-maven-plugin:0.0.8:run (default-cli) on project LibraryManagement: Error
    at org.apache.maven.lifecycle.internal.MojoExecutor.doExecute2 (MojoExecutor.java:333)
    at org.apache.maven.lifecycle.internal.MojoExecutor.doExecute (MojoExecutor.java:316)
    at org.apache.maven.lifecycle.internal.MojoExecutor.execute (MojoExecutor.java:212)
    at org.apache.maven.lifecycle.internal.MojoExecutor.execute (MojoExecutor.java:174)
    at org.apache.maven.lifecycle.internal.MojoExecutor.access$000 (MojoExecutor.java:75)
    at org.apache.maven.lifecycle.internal.MojoExecutor$1.run (MojoExecutor.java:162)
    at org.apache.maven.plugin.DefaultMojosExecutionStrategy.execute (DefaultMojosExecutionStrategy.java:39)
    at org.apache.maven.lifecycle.internal.MojoExecutor.execute (MojoExecutor.java:159)
    at org.apache.maven.lifecycle.internal.LifecycleModuleBuilder.buildProject (LifecycleModuleBuilder.java:105)
    at org.apache.maven.lifecycle.internal.LifecycleModuleBuilder.buildProject (LifecycleModuleBuilder.java:73)
    at org.apache.maven.lifecycle.internal.builder.singlethreaded.SingleThreadedBuilder.build (SingleThreadedBuilder.java:53)
    at org.apache.maven.lifecycle.internal.LifecycleStarter.execute (LifecycleStarter.java:118)
    at org.apache.maven.DefaultMaven.doExecute (DefaultMaven.java:261)
    at org.apache.maven.DefaultMaven.doExecute (DefaultMaven.java:173)
    at org.apache.maven.DefaultMaven.execute (DefaultMaven.java:101)
    at org.apache.maven.cli.MavenCli.execute (MavenCli.java:906)
    at org.apache.maven.cli.MavenCli.doMain (MavenCli.java:283)
    at org.apache.maven.cli.MavenCli.main (MavenCli.java:206)
    at jdk.internal.reflect.DirectMethodHandleAccessor.invoke (DirectMethodHandleAccessor.java:103)
    at java.lang.reflect.Method.invoke (Method.java:580)
    at org.codehaus.plexus.classworlds.launcher.Launcher.launchEnhanced (Launcher.java:255)
    at org.codehaus.plexus.classworlds.launcher.Launcher.launch (Launcher.java:201)
    at org.codehaus.plexus.classworlds.launcher.Launcher.mainWithExitCode (Launcher.java:361)
    at org.codehaus.plexus.classworlds.launcher.Launcher.main (Launcher.java:314)
Caused by: org.apache.maven.plugin.MojoExecutionException: Error
    at org.openjfx.JavaFXRunMojo.execute (JavaFXRunMojo.java:122)
    at org.apache.maven.plugin.DefaultBuildPluginManager.executeMojo (DefaultBuildPluginManager.java:126)
    at org.apache.maven.lifecycle.internal.MojoExecutor.doExecute2 (MojoExecutor.java:328)
    at org.apache.maven.lifecycle.internal.MojoExecutor.doExecute (MojoExecutor.java:316)
    at org.apache.maven.lifecycle.internal.MojoExecutor.execute (MojoExecutor.java:212)
    at org.apache.maven.lifecycle.internal.MojoExecutor.execute (MojoExecutor.java:174)
    at org.apache.maven.lifecycle.internal.MojoExecutor.access$000 (MojoExecutor.java:75)
    at org.apache.maven.lifecycle.internal.MojoExecutor$1.run (MojoExecutor.java:162)
    at org.apache.maven.plugin.DefaultMojosExecutionStrategy.execute (DefaultMojosExecutionStrategy.java:39)
    at org.apache.maven.lifecycle.internal.MojoExecutor.execute (MojoExecutor.java:159)
    at org.apache.maven.lifecycle.internal.LifecycleModuleBuilder.buildProject (LifecycleModuleBuilder.java:105)
    at org.apache.maven.lifecycle.internal.LifecycleModuleBuilder.buildProject (LifecycleModuleBuilder.java:73)
    at org.apache.maven.lifecycle.internal.builder.singlethreaded.SingleThreadedBuilder.build (SingleThreadedBuilder.java:53)
    at org.apache.maven.lifecycle.internal.LifecycleStarter.execute (LifecycleStarter.java:118)
    at org.apache.maven.DefaultMaven.doExecute (DefaultMaven.java:261)
    at org.apache.maven.DefaultMaven.doExecute (DefaultMaven.java:173)
    at org.apache.maven.DefaultMaven.execute (DefaultMaven.java:101)
    at org.apache.maven.cli.MavenCli.execute (MavenCli.java:906)
    at org.apache.maven.cli.MavenCli.doMain (MavenCli.java:283)
    at org.apache.maven.cli.MavenCli.main (MavenCli.java:206)
    at jdk.internal.reflect.DirectMethodHandleAccessor.invoke (DirectMethodHandleAccessor.java:103)
    at java.lang.reflect.Method.invoke (Method.java:580)
    at org.codehaus.plexus.classworlds.launcher.Launcher.launchEnhanced (Launcher.java:255)
    at org.codehaus.plexus.classworlds.launcher.Launcher.launch (Launcher.java:201)
    at org.codehaus.plexus.classworlds.launcher.Launcher.mainWithExitCode (Launcher.java:361)
    at org.codehaus.plexus.classworlds.launcher.Launcher.main (Launcher.java:314)
Caused by: org.apache.maven.plugin.MojoExecutionException: Command execution failed.
    at org.openjfx.JavaFXRunMojo.execute (JavaFXRunMojo.java:116)
    at org.apache.maven.plugin.DefaultBuildPluginManager.executeMojo (DefaultBuildPluginManager.java:126)
    at org.apache.maven.lifecycle.internal.MojoExecutor.doExecute2 (MojoExecutor.java:328)
    at org.apache.maven.lifecycle.internal.MojoExecutor.doExecute (MojoExecutor.java:316)
    at org.apache.maven.lifecycle.internal.MojoExecutor.execute (MojoExecutor.java:212)
    at org.apache.maven.lifecycle.internal.MojoExecutor.execute (MojoExecutor.java:174)
    at org.apache.maven.lifecycle.internal.MojoExecutor.access$000 (MojoExecutor.java:75)
    at org.apache.maven.lifecycle.internal.MojoExecutor$1.run (MojoExecutor.java:162)
    at org.apache.maven.plugin.DefaultMojosExecutionStrategy.execute (DefaultMojosExecutionStrategy.java:39)
    at org.apache.maven.lifecycle.internal.MojoExecutor.execute (MojoExecutor.java:159)
    at org.apache.maven.lifecycle.internal.LifecycleModuleBuilder.buildProject (LifecycleModuleBuilder.java:105)
    at org.apache.maven.lifecycle.internal.LifecycleModuleBuilder.buildProject (LifecycleModuleBuilder.java:73)
    at org.apache.maven.lifecycle.internal.builder.singlethreaded.SingleThreadedBuilder.build (SingleThreadedBuilder.java:53)
    at org.apache.maven.lifecycle.internal.LifecycleStarter.execute (LifecycleStarter.java:118)
    at org.apache.maven.DefaultMaven.doExecute (DefaultMaven.java:261)
    at org.apache.maven.DefaultMaven.doExecute (DefaultMaven.java:173)
    at org.apache.maven.DefaultMaven.execute (DefaultMaven.java:101)
    at org.apache.maven.cli.MavenCli.execute (MavenCli.java:906)
    at org.apache.maven.cli.MavenCli.doMain (MavenCli.java:283)
    at org.apache.maven.cli.MavenCli.main (MavenCli.java:206)
    at jdk.internal.reflect.DirectMethodHandleAccessor.invoke (DirectMethodHandleAccessor.java:103)
    at java.lang.reflect.Method.invoke (Method.java:580)
    at org.codehaus.plexus.classworlds.launcher.Launcher.launchEnhanced (Launcher.java:255)
    at org.codehaus.plexus.classworlds.launcher.Launcher.launch (Launcher.java:201)
    at org.codehaus.plexus.classworlds.launcher.Launcher.mainWithExitCode (Launcher.java:361)
    at org.codehaus.plexus.classworlds.launcher.Launcher.main (Launcher.java:314)
Caused by: org.apache.commons.exec.ExecuteException: Process exited with an error: 1 (Exit value: 1)
    at org.apache.commons.exec.DefaultExecutor.executeInternal (DefaultExecutor.java:404)
    at org.apache.commons.exec.DefaultExecutor.execute (DefaultExecutor.java:166)
    at org.openjfx.JavaFXBaseMojo.executeCommandLine (JavaFXBaseMojo.java:567)
    at org.openjfx.JavaFXBaseMojo.executeCommandLine (JavaFXBaseMojo.java:434)
    at org.openjfx.JavaFXRunMojo.execute (JavaFXRunMojo.java:105)
    at org.apache.maven.plugin.DefaultBuildPluginManager.executeMojo (DefaultBuildPluginManager.java:126)
    at org.apache.maven.lifecycle.internal.MojoExecutor.doExecute2 (MojoExecutor.java:328)
    at org.apache.maven.lifecycle.internal.MojoExecutor.doExecute (MojoExecutor.java:316)
    at org.apache.maven.lifecycle.internal.MojoExecutor.execute (MojoExecutor.java:212)
    at org.apache.maven.lifecycle.internal.MojoExecutor.execute (MojoExecutor.java:174)
    at org.apache.maven.lifecycle.internal.MojoExecutor.access$000 (MojoExecutor.java:75)
    at org.apache.maven.lifecycle.internal.MojoExecutor$1.run (MojoExecutor.java:162)
    at org.apache.maven.plugin.DefaultMojosExecutionStrategy.execute (DefaultMojosExecutionStrategy.java:39)
    at org.apache.maven.lifecycle.internal.MojoExecutor.execute (MojoExecutor.java:159)
    at org.apache.maven.lifecycle.internal.LifecycleModuleBuilder.buildProject (LifecycleModuleBuilder.java:105)
    at org.apache.maven.lifecycle.internal.LifecycleModuleBuilder.buildProject (LifecycleModuleBuilder.java:73)
    at org.apache.maven.lifecycle.internal.builder.singlethreaded.SingleThreadedBuilder.build (SingleThreadedBuilder.java:53)
    at org.apache.maven.lifecycle.internal.LifecycleStarter.execute (LifecycleStarter.java:118)
    at org.apache.maven.DefaultMaven.doExecute (DefaultMaven.java:261)
    at org.apache.maven.DefaultMaven.doExecute (DefaultMaven.java:173)
    at org.apache.maven.DefaultMaven.execute (DefaultMaven.java:101)
    at org.apache.maven.cli.MavenCli.execute (MavenCli.java:906)
    at org.apache.maven.cli.MavenCli.doMain (MavenCli.java:283)
    at org.apache.maven.cli.MavenCli.main (MavenCli.java:206)
    at jdk.internal.reflect.DirectMethodHandleAccessor.invoke (DirectMethodHandleAccessor.java:103)
    at java.lang.reflect.Method.invoke (Method.java:580)
    at org.codehaus.plexus.classworlds.launcher.Launcher.launchEnhanced (Launcher.java:255)
    at org.codehaus.plexus.classworlds.launcher.Launcher.launch (Launcher.java:201)
    at org.codehaus.plexus.classworlds.launcher.Launcher.mainWithExitCode (Launcher.java:361)
    at org.codehaus.plexus.classworlds.launcher.Launcher.main (Launcher.java:314)
[ERROR] 
[ERROR] 
[ERROR] For more information about the errors and possible solutions, please read the following articles:
[ERROR] [Help 1] http://cwiki.apache.org/confluence/display/MAVEN/MojoExecutionException
[DEBUG] Shutting down adapter factory; available factories [file-lock, rwlock-local, semaphore-local, noop]; available name mappers [discriminating, file-gav, file-hgav, file-static, gav, static]
[DEBUG] Shutting down 'file-lock' factory
[DEBUG] Shutting down 'rwlock-local' factory
[DEBUG] Shutting down 'semaphore-local' factory
[DEBUG] Shutting down 'noop' factory
